last_name, first_name,player_id,year,pa,bip,ba,est_ba,est_ba_minus_ba_diff,slg,est_slg,est_slg_minus_slg_diff,woba,est_woba,est_woba_minus_woba_diff
Blackmon, Charlie,453568,2017,725,515,.331,.294,.037,.601,.529,.072,.414,.381,.033
Lindor, Francisco,596019,2017,723,566,.273,.286,-.013,.505,.513,-.008,.353,.368,-.015
Inciarte, Ender,542255,2017,718,575,.304,.270,.034,.409,.361,.048,.328,.303,.025
Betts, Mookie,605141,2017,712,554,.264,.281,-.017,.459,.447,.012,.339,.351,-.012
Votto, Joey,458015,2017,707,482,.320,.301,.019,.578,.567,.011,.428,.423,.005
Dozier, Brian,572821,2017,705,478,.271,.249,.022,.498,.481,.017,.362,.352,.010
Strange-Gordon, Dee,543829,2017,695,566,.308,.266,.042,.375,.328,.047,.312,.287,.025
Yelich, Christian,592885,2017,695,471,.282,.292,-.010,.439,.468,-.029,.348,.370,-.022
Stanton, Giancarlo,519317,2017,692,437,.281,.277,.004,.631,.587,.044,.411,.401,.010
Rizzo, Anthony,519203,2017,691,486,.273,.286,-.013,.507,.524,-.017,.380,.399,-.019
Machado, Manny,592518,2017,690,524,.259,.288,-.029,.471,.528,-.057,.328,.372,-.044
Andrus, Elvis,462101,2017,689,547,.297,.264,.033,.471,.411,.060,.344,.316,.028
Bautista, Jose,430832,2017,686,424,.203,.209,-.006,.366,.383,-.017,.295,.308,-.013
Gardner, Brett,458731,2017,682,480,.264,.278,-.014,.428,.420,.008,.336,.346,-.010
LeMahieu, DJ,518934,2017,682,527,.310,.311,-.001,.409,.414,-.005,.342,.352,-.010
Arenado, Nolan,571448,2017,680,507,.309,.282,.027,.586,.530,.056,.395,.371,.024
Ozuna, Marcell,542303,2017,679,471,.312,.285,.027,.548,.510,.038,.388,.369,.019
Judge, Aaron,592450,2017,678,338,.284,.284,.000,.627,.653,-.026,.430,.446,-.016
Longoria, Evan,446334,2017,677,516,.261,.255,.006,.424,.422,.002,.313,.320,-.007
Schoop, Jonathan,570731,2017,675,487,.293,.273,.020,.503,.447,.056,.355,.337,.018
Abreu, Jose,547989,2017,675,506,.304,.290,.014,.552,.525,.027,.377,.368,.009
Hosmer, Eric,543333,2017,671,501,.318,.298,.020,.498,.464,.034,.376,.365,.011
Markakis, Nick,455976,2017,670,486,.275,.273,.002,.384,.396,-.012,.321,.329,-.008
Encarnacion, Edwin,429665,2017,669,426,.258,.270,-.012,.504,.534,-.030,.373,.395,-.022
Santana, Carlos,467793,2017,667,479,.259,.270,-.011,.455,.475,-.020,.350,.368,-.018
Cabrera, Melky,466320,2017,666,554,.285,.302,-.017,.423,.440,-.017,.319,.343,-.024
Castellanos, Nick,592206,2017,665,477,.272,.294,-.022,.490,.554,-.064,.341,.381,-.040
Goldschmidt, Paul,502671,2017,665,415,.297,.287,.010,.563,.568,-.005,.400,.404,-.004
Bryant, Kris,592178,2017,665,427,.295,.261,.034,.537,.502,.035,.399,.380,.019
Galvis, Freddy,520471,2017,663,503,.255,.247,.008,.382,.375,.007,.298,.298,.000
Altuve, Jose,514888,2017,662,511,.346,.296,.050,.547,.495,.052,.405,.373,.032
Benintendi, Andrew,643217,2017,658,470,.271,.271,.000,.424,.446,-.022,.332,.346,-.014
Calhoun, Kole,594777,2017,654,441,.244,.250,-.006,.392,.415,-.023,.315,.332,-.017
Davis, Khris,501981,2017,652,378,.247,.261,-.014,.528,.577,-.049,.361,.390,-.029
Odor, Rougned,596059,2017,651,449,.204,.233,-.029,.397,.412,-.015,.272,.297,-.025
Seager, Kyle,572122,2017,650,474,.249,.262,-.013,.450,.491,-.041,.327,.353,-.026
McCutchen, Andrew,457705,2017,650,457,.279,.289,-.010,.486,.493,-.007,.360,.372,-.012
Myers, Wil,571976,2017,649,394,.243,.236,.007,.464,.443,.021,.335,.333,.002
Cano, Robinson,429664,2017,648,510,.280,.298,-.018,.453,.495,-.042,.334,.363,-.029
Duvall, Adam,594807,2017,647,428,.249,.229,.020,.480,.433,.047,.327,.310,.017
Simmons, Andrelton,592743,2017,647,530,.278,.267,.011,.421,.388,.033,.323,.315,.008
Cruz, Nelson,443558,2017,645,423,.288,.288,.000,.549,.594,-.045,.385,.407,-.022
Ramirez, Jose,608070,2017,645,521,.318,.307,.011,.583,.496,.087,.397,.369,.028
Cain, Lorenzo,456715,2017,645,486,.300,.306,-.006,.440,.439,.001,.347,.356,-.009
Lowrie, Jed,476704,2017,645,470,.277,.291,-.014,.448,.489,-.041,.347,.371,-.024
Smoak, Justin,475253,2017,637,434,.270,.280,-.010,.529,.577,-.048,.371,.395,-.024
Pujols, Albert,405395,2017,636,504,.241,.261,-.020,.386,.451,-.065,.286,.322,-.036
Choo, Shin-Soo,425783,2017,636,418,.261,.274,-.013,.423,.483,-.060,.339,.373,-.034
Bogaerts, Xander,593428,2017,635,457,.273,.252,.021,.403,.346,.057,.322,.300,.022
Upton, Justin,457708,2017,635,378,.273,.253,.020,.540,.504,.036,.378,.361,.017
Lamb, Jake,571875,2017,635,389,.248,.256,-.008,.487,.470,.017,.353,.358,-.005
Jones, Adam,430945,2017,635,488,.285,.265,.020,.466,.444,.022,.334,.324,.010
Hamilton, Billy,571740,2017,633,456,.247,.246,.001,.335,.299,.036,.278,.274,.004
Pillar, Kevin,607680,2017,632,498,.256,.271,-.015,.404,.406,-.002,.302,.316,-.014
Suarez, Eugenio,553993,2017,632,392,.260,.261,-.001,.461,.445,.016,.356,.357,-.001
Merrifield, Whit,593160,2017,630,507,.288,.282,.006,.460,.467,-.007,.332,.340,-.008
Escobar, Alcides,444876,2017,629,508,.250,.254,-.004,.357,.362,-.005,.269,.279,-.010
Dickerson, Corey,572816,2017,629,438,.282,.259,.023,.490,.445,.045,.341,.320,.021
Springer, George,543807,2017,629,441,.283,.294,-.011,.522,.530,-.008,.376,.390,-.014
Bregman, Alex,608324,2017,626,467,.284,.280,.004,.475,.450,.025,.351,.347,.004
Franco, Maikel,596748,2017,623,485,.230,.252,-.022,.409,.408,.001,.292,.312,-.020
Carpenter, Matt,572761,2017,622,379,.241,.258,-.017,.451,.496,-.045,.361,.388,-.027
Bell, Josh,605137,2017,620,436,.255,.266,-.011,.466,.440,.026,.338,.341,-.003
Bruce, Jay,457803,2017,617,419,.254,.263,-.009,.508,.508,.000,.350,.360,-.010
Souza Jr., Steven,519306,2017,617,347,.239,.240,-.001,.459,.454,.005,.348,.351,-.003
Mazara, Nomar,608577,2017,616,430,.253,.252,.001,.422,.426,-.004,.318,.324,-.006
Kinsler, Ian,435079,2017,613,465,.236,.259,-.023,.412,.438,-.026,.313,.335,-.022
Seager, Corey,608369,2017,613,411,.295,.301,-.006,.479,.527,-.048,.364,.388,-.024
Morales, Kendrys,434778,2017,608,428,.250,.270,-.020,.445,.513,-.068,.320,.356,-.036
Santana, Domingo,570267,2017,607,350,.278,.273,.005,.505,.476,.029,.372,.366,.006
Shaw, Travis,543768,2017,606,404,.273,.251,.022,.513,.442,.071,.361,.332,.029
Anderson, Tim,641313,2017,606,428,.257,.249,.008,.402,.394,.008,.289,.288,.001
Rendon, Anthony,543685,2017,605,432,.301,.278,.023,.533,.490,.043,.394,.376,.018
Healy, Ryon,592387,2017,605,436,.271,.257,.014,.451,.457,-.006,.320,.323,-.003
Phillips, Brandon,408252,2017,604,502,.285,.272,.013,.416,.388,.028,.316,.307,.009
Trumbo, Mark,444432,2017,603,411,.234,.236,-.002,.397,.394,.003,.295,.300,-.005
Morrison, Logan,489149,2017,601,366,.246,.257,-.011,.516,.516,.000,.363,.373,-.010
Moustakas, Mike,519058,2017,598,467,.272,.267,.005,.521,.495,.026,.345,.342,.003
Mauer, Joe,408045,2017,597,445,.305,.313,-.008,.417,.483,-.066,.349,.379,-.030
Reynolds, Mark,448602,2017,593,348,.267,.225,.042,.487,.423,.064,.358,.322,.036
Murphy, Daniel,502517,2017,593,460,.322,.306,.016,.543,.503,.040,.385,.369,.016
Rosario, Eddie,592696,2017,589,448,.290,.271,.019,.507,.486,.021,.349,.341,.008
Headley, Chase,452104,2017,586,388,.273,.254,.019,.406,.399,.007,.329,.325,.004
Mancini, Trey,641820,2017,586,408,.293,.271,.022,.488,.491,-.003,.349,.347,.002
Realmuto, J.T.,592663,2017,579,429,.278,.284,-.006,.451,.453,-.002,.332,.344,-.012
Peralta, David,444482,2017,577,434,.293,.265,.028,.444,.403,.041,.342,.321,.021
Hernandez, Cesar,514917,2017,577,408,.294,.280,.014,.421,.410,.011,.346,.344,.002
Frazier, Todd,453943,2017,576,354,.213,.235,-.022,.428,.460,-.032,.335,.360,-.025
Moreland, Mitch,519048,2017,576,393,.246,.272,-.026,.443,.535,-.092,.326,.374,-.048
Zimmerman, Ryan,475582,2017,576,403,.303,.298,.005,.573,.563,.010,.388,.387,.001
Beckham, Tim,542921,2017,575,368,.278,.263,.015,.454,.458,-.004,.334,.335,-.001
Panik, Joe,605412,2017,573,468,.288,.257,.031,.421,.379,.042,.329,.313,.016
Puig, Yasiel,624577,2017,570,404,.263,.268,-.005,.487,.483,.004,.349,.358,-.009
Gregorius, Didi,544369,2017,570,471,.287,.264,.023,.478,.392,.086,.335,.301,.034
Crawford, Brandon,543063,2017,570,414,.253,.247,.006,.403,.412,-.009,.301,.314,-.013
Kepler, Max,596146,2017,568,401,.243,.247,-.004,.425,.381,.044,.315,.308,.007
Posey, Buster,457763,2017,568,433,.320,.279,.041,.462,.450,.012,.366,.351,.015
Taylor, Chris,621035,2017,568,373,.288,.275,.013,.496,.458,.038,.361,.349,.012
Segura, Jean,516416,2017,566,442,.300,.281,.019,.427,.414,.013,.334,.328,.006
Gurriel, Yuli,493329,2017,564,473,.299,.292,.007,.486,.447,.039,.345,.337,.008
Herrera, Odubel,546318,2017,563,402,.281,.266,.015,.452,.418,.034,.329,.316,.013
Reyes, Jose,408314,2017,561,430,.246,.240,.006,.413,.353,.060,.312,.295,.017
Garcia, Avisail,541645,2017,561,408,.330,.301,.029,.506,.521,-.015,.375,.374,.001
Mercer, Jordy,474568,2017,558,416,.255,.262,-.007,.406,.387,.019,.308,.311,-.003
Story, Trevor,596115,2017,555,313,.239,.219,.020,.457,.412,.045,.323,.302,.021
Ramirez, Hanley,434670,2017,553,380,.242,.266,-.024,.429,.486,-.057,.318,.352,-.034
Thames, Eric,519346,2017,551,306,.247,.231,.016,.518,.457,.061,.369,.345,.024
Swanson, Dansby,621020,2017,551,372,.232,.249,-.017,.324,.351,-.027,.276,.303,-.027
Gamel, Ben,592325,2017,550,391,.275,.253,.022,.413,.383,.030,.315,.302,.013
Arcia, Orlando,606115,2017,548,411,.277,.253,.024,.407,.371,.036,.309,.293,.016
Bellinger, Cody,641355,2017,548,337,.267,.256,.011,.581,.544,.037,.380,.369,.011
Joyce, Matt,459964,2017,544,363,.243,.255,-.012,.473,.486,-.013,.343,.361,-.018
Polanco, Jorge,593871,2017,544,423,.256,.247,.009,.410,.374,.036,.309,.302,.007
Turner, Justin,457759,2017,543,409,.322,.305,.017,.530,.560,-.030,.400,.408,-.008
Molina, Yadier,425877,2017,543,437,.273,.274,-.001,.439,.472,-.033,.316,.338,-.022
Harrison, Josh,543281,2017,542,401,.272,.261,.011,.432,.407,.025,.332,.324,.008
Span, Denard,452655,2017,542,430,.272,.286,-.014,.427,.418,.009,.325,.336,-.011
Bradley Jr., Jackie,598265,2017,541,360,.245,.248,-.003,.402,.416,-.014,.313,.326,-.013
Gordon, Alex,460086,2017,541,356,.208,.223,-.015,.315,.364,-.049,.269,.300,-.031
Cabrera, Asdrubal,452678,2017,540,402,.280,.267,.013,.434,.442,-.008,.338,.340,-.002
Reddick, Josh,502210,2017,540,418,.314,.292,.022,.484,.445,.039,.357,.345,.012
Pence, Hunter,452254,2017,539,395,.260,.264,-.004,.385,.436,-.051,.303,.332,-.029
Gonzalez, Carlos,471865,2017,534,357,.262,.240,.022,.423,.376,.047,.327,.311,.016
Sanchez, Yolmer,570560,2017,534,384,.267,.243,.024,.413,.362,.051,.313,.292,.021
Joseph, Tommy,571830,2017,533,369,.240,.239,.001,.432,.405,.027,.305,.303,.002
Gallo, Joey,608336,2017,532,253,.209,.224,-.015,.537,.558,-.021,.364,.380,-.016
Schebler, Scott,594988,2017,531,353,.233,.266,-.033,.484,.504,-.020,.330,.359,-.029
Pham, Tommy,502054,2017,530,332,.306,.291,.015,.520,.498,.022,.398,.391,.007
Cabrera, Miguel,408234,2017,529,362,.249,.284,-.035,.399,.531,-.132,.313,.377,-.064
Margot, Manuel,622534,2017,529,386,.263,.265,-.002,.409,.382,.027,.309,.311,-.002
Granderson, Curtis,434158,2017,527,329,.212,.229,-.017,.452,.464,-.012,.330,.348,-.018
Sanchez, Gary,596142,2017,525,355,.278,.290,-.012,.531,.545,-.014,.368,.386,-.018
Davis, Chris,448801,2017,524,265,.215,.222,-.007,.423,.451,-.028,.312,.332,-.020
Alonso, Yonder,475174,2017,521,333,.266,.261,.005,.501,.502,-.001,.366,.366,.000
Peraza, Jose,606299,2017,518,421,.259,.291,-.032,.324,.375,-.051,.273,.312,-.039
Gonzalez, Marwin,503556,2017,515,361,.303,.250,.053,.530,.419,.111,.382,.329,.053
Freeman, Freddie,518692,2017,514,347,.307,.291,.016,.586,.597,-.011,.407,.408,-.001
Solarte, Yangervis,500208,2017,512,409,.255,.244,.011,.416,.385,.031,.311,.304,.007
Buxton, Byron,621439,2017,511,319,.253,.241,.012,.413,.395,.018,.312,.305,.007
Beltran, Carlos,136860,2017,509,371,.231,.236,-.005,.383,.379,.004,.283,.293,-.010
Baez, Javier,595879,2017,508,333,.273,.241,.032,.480,.432,.048,.326,.299,.027
Cozart, Zack,446359,2017,507,364,.297,.258,.039,.548,.408,.140,.392,.337,.055
Trout, Mike,545361,2017,507,316,.306,.299,.007,.629,.598,.031,.437,.432,.005
Freese, David,501896,2017,503,314,.263,.265,-.002,.371,.407,-.036,.326,.351,-.025
Valencia, Danny,502143,2017,500,336,.256,.245,.011,.411,.381,.030,.311,.305,.006
Escobar, Eduardo,500871,2017,499,363,.254,.260,-.006,.449,.471,-.022,.320,.337,-.017
Perez, Salvador,521692,2017,499,381,.268,.278,-.010,.495,.537,-.042,.329,.354,-.025
Gennett, Scooter,571697,2017,497,349,.295,.254,.041,.531,.441,.090,.367,.322,.045
Donaldson, Josh,518626,2017,496,306,.270,.264,.006,.559,.549,.010,.396,.396,.000
Zobrist, Ben,450314,2017,496,369,.232,.264,-.032,.375,.409,-.034,.302,.335,-.033
Harper, Bryce,547180,2017,492,324,.319,.296,.023,.595,.555,.040,.416,.400,.016
Fowler, Dexter,451594,2017,491,323,.264,.280,-.016,.488,.474,.014,.358,.365,-.007
Duda, Lucas,446263,2017,491,290,.217,.240,-.023,.496,.494,.002,.341,.353,-.012
Nunez, Eduardo,456488,2017,491,416,.313,.268,.045,.460,.370,.090,.342,.297,.045
Iglesias, Jose,578428,2017,489,402,.255,.261,-.006,.369,.335,.034,.283,.282,.001
Martinez, J.D.,502110,2017,489,308,.303,.297,.006,.690,.685,.005,.430,.431,-.001
Spangenberg, Cory,605486,2017,486,319,.264,.238,.026,.401,.377,.024,.313,.299,.014
Schwarber, Kyle,656941,2017,486,272,.211,.225,-.014,.467,.490,-.023,.333,.349,-.016
Napoli, Mike,435063,2017,485,265,.193,.201,-.008,.428,.446,-.018,.302,.315,-.013
Sano, Miguel,593934,2017,483,252,.264,.240,.024,.507,.493,.014,.361,.349,.012
Grandal, Yasmani,518735,2017,482,312,.247,.213,.034,.459,.390,.069,.325,.290,.035
Gyorko, Jedd,576397,2017,481,328,.272,.236,.036,.472,.431,.041,.344,.324,.020
Correa, Carlos,621043,2017,481,334,.315,.317,-.002,.550,.555,-.005,.394,.403,-.009
Heyward, Jason,518792,2017,481,369,.259,.267,-.008,.389,.400,-.011,.311,.327,-.016
Lucroy, Jonathan,518960,2017,481,376,.265,.262,.003,.371,.372,-.001,.311,.320,-.009
Drury, Brandon,592273,2017,480,344,.267,.263,.004,.447,.424,.023,.325,.321,.004
Renfroe, Hunter,592669,2017,479,306,.231,.231,.000,.467,.437,.030,.316,.311,.005
Castro, Starlin,516770,2017,473,353,.300,.266,.034,.454,.416,.038,.338,.314,.024
Maldonado, Martin,455117,2017,471,319,.221,.214,.007,.368,.371,-.003,.279,.280,-.001
Kemp, Matt,461314,2017,467,340,.276,.289,-.013,.463,.515,-.052,.328,.356,-.028
Pollock, AJ,572041,2017,466,354,.266,.292,-.026,.471,.467,.004,.340,.357,-.017
Wieters, Matt,446308,2017,465,332,.225,.232,-.007,.344,.372,-.028,.273,.291,-.018
Dietrich, Derek,518618,2017,464,311,.249,.257,-.008,.425,.424,.001,.324,.334,-.010
Broxton, Keon,542979,2017,463,241,.220,.228,-.008,.420,.427,-.007,.308,.319,-.011
Pedroia, Dustin,456030,2017,463,364,.293,.283,.010,.392,.382,.010,.331,.331,.000
Goins, Ryan,572365,2017,459,332,.237,.215,.022,.356,.315,.041,.278,.270,.008
Perez, Hernan,541650,2017,458,359,.259,.259,.000,.414,.390,.024,.298,.299,-.001
Grossman, Robbie,543257,2017,456,307,.246,.276,-.030,.380,.405,-.025,.329,.356,-.027
Frazier, Adam,624428,2017,454,353,.276,.283,-.007,.399,.397,.002,.322,.333,-.011
Belt, Brandon,474832,2017,451,279,.241,.262,-.021,.469,.531,-.062,.352,.385,-.033
Maybin, Cameron,457727,2017,450,303,.228,.239,-.011,.365,.354,.011,.300,.309,-.009
Walker, Neil,435522,2017,448,311,.265,.265,.000,.439,.431,.008,.346,.350,-.004
Turner, Trea,607208,2017,447,333,.284,.288,-.004,.451,.448,.003,.338,.346,-.008
DeJong, Paul,657557,2017,443,294,.285,.266,.019,.532,.495,.037,.359,.340,.019
Davidson, Matt,571602,2017,443,254,.220,.216,.004,.452,.461,-.009,.297,.306,-.009
Grichuk, Randal,545341,2017,442,281,.238,.247,-.009,.473,.507,-.034,.315,.339,-.024
DeShields, Delino,592261,2017,440,284,.269,.213,.056,.367,.315,.052,.315,.282,.033
Conforto, Michael,624424,2017,440,262,.279,.267,.012,.555,.535,.020,.392,.386,.006
Forsythe, Logan,523253,2017,439,257,.224,.241,-.017,.327,.395,-.068,.307,.341,-.034
Villar, Jonathan,542340,2017,436,274,.241,.224,.017,.372,.344,.028,.287,.276,.011
Zunino, Mike,572287,2017,435,228,.251,.220,.031,.509,.463,.046,.355,.329,.026
Martinez, Victor,400121,2017,435,331,.255,.269,-.014,.372,.454,-.082,.303,.344,-.041
Jay, Jon,445055,2017,433,304,.296,.280,.016,.375,.370,.005,.330,.330,.000
Taylor, Michael A.,572191,2017,432,265,.271,.235,.036,.486,.428,.058,.338,.307,.031
Bour, Justin,571506,2017,429,286,.289,.277,.012,.536,.522,.014,.374,.374,.000
Contreras, Willson,575929,2017,428,282,.276,.268,.008,.499,.493,.006,.362,.364,-.002
Holliday, Matt,407812,2017,427,264,.231,.237,-.006,.432,.438,-.006,.320,.339,-.019
Gomez, Carlos,460576,2017,426,249,.255,.250,.005,.462,.444,.018,.343,.340,.003
Heredia, Guillermo,628338,2017,426,324,.249,.246,.003,.337,.332,.005,.288,.293,-.005
Parra, Gerardo,467827,2017,425,334,.309,.275,.034,.452,.414,.038,.337,.320,.017
Braun, Ryan,460075,2017,425,308,.268,.274,-.006,.487,.484,.003,.347,.356,-.009
Barnhart, Tucker,571466,2017,423,310,.270,.267,.003,.403,.395,.008,.317,.319,-.002
Bonifacio, Jorge,593528,2017,422,267,.255,.252,.003,.432,.455,-.023,.323,.333,-.010
Kiermaier, Kevin,595281,2017,421,286,.276,.238,.038,.450,.383,.067,.337,.303,.034
Hedges, Austin,595978,2017,417,269,.214,.200,.014,.398,.350,.048,.278,.259,.019
Happ, Ian,664023,2017,413,241,.253,.248,.005,.514,.484,.030,.349,.342,.007
Altherr, Aaron,571437,2017,412,269,.272,.263,.009,.516,.481,.035,.359,.348,.011
Polanco, Gregory,570256,2017,411,320,.251,.260,-.009,.391,.399,-.008,.297,.309,-.012
Wong, Kolten,543939,2017,411,298,.285,.277,.008,.412,.387,.025,.336,.335,.001
Haniger, Mitch,571745,2017,410,277,.282,.260,.022,.491,.446,.045,.360,.339,.021
Ellsbury, Jacoby,453056,2017,409,295,.264,.262,.002,.402,.382,.020,.326,.324,.002
Castro, Jason,488771,2017,407,250,.242,.242,.000,.388,.412,-.024,.315,.328,-.013
Miller, Brad,543543,2017,407,232,.201,.222,-.021,.337,.379,-.042,.294,.325,-.031
Valbuena, Luis,472528,2017,401,246,.199,.205,-.006,.432,.423,.009,.308,.320,-.012
Piscotty, Stephen,572039,2017,401,257,.235,.251,-.016,.367,.418,-.051,.313,.349,-.036
Moss, Brandon,461235,2017,401,236,.207,.235,-.028,.428,.506,-.078,.301,.343,-.042
McCann, Brian,435263,2017,399,296,.241,.251,-.010,.436,.440,-.004,.323,.335,-.012
Descalso, Daniel,518614,2017,398,257,.233,.227,.006,.395,.390,.005,.318,.317,.001
McCann, James,543510,2017,391,267,.253,.265,-.012,.415,.463,-.048,.316,.343,-.027
Dyson, Jarrod,502481,2017,390,297,.251,.260,-.009,.350,.348,.002,.296,.309,-.013
Beltre, Adrian,134181,2017,389,294,.312,.283,.029,.532,.466,.066,.384,.361,.023
Semien, Marcus,543760,2017,386,261,.249,.241,.008,.398,.388,.010,.314,.316,-.002
Owings, Chris,572008,2017,386,281,.268,.241,.027,.442,.371,.071,.313,.284,.029
Russell, Addison,608365,2017,385,261,.239,.253,-.014,.418,.412,.006,.305,.314,-.009
Gomes, Yan,543228,2017,383,245,.232,.212,.020,.399,.372,.027,.307,.294,.013
Escobar, Yunel,488862,2017,381,299,.274,.280,-.006,.397,.438,-.041,.318,.340,-.022
Mahtook, Mikie,543484,2017,379,271,.276,.278,-.002,.457,.453,.004,.335,.341,-.006
Avila, Alex,488671,2017,376,193,.264,.275,-.011,.447,.567,-.120,.362,.407,-.045
d'Arnaud, Travis,518595,2017,376,292,.244,.250,-.006,.443,.434,.009,.308,.316,-.008
Brantley, Michael,488726,2017,375,292,.299,.293,.006,.444,.443,.001,.342,.349,-.007
Aoki, Norichika,493114,2017,374,298,.277,.261,.016,.393,.352,.041,.315,.303,.012
Smith, Seth,452234,2017,373,252,.258,.273,-.015,.433,.465,-.032,.332,.355,-.023
Desmond, Ian,435622,2017,373,258,.274,.235,.039,.375,.322,.053,.305,.275,.030
Cron, C.J.,543068,2017,373,246,.248,.259,-.011,.437,.479,-.042,.316,.340,-.024
Kipnis, Jason,543401,2017,373,272,.232,.236,-.004,.414,.415,-.001,.300,.311,-.011
Flowers, Tyler,452095,2017,370,237,.281,.272,.009,.445,.436,.009,.358,.356,.002
Aybar, Erick,430947,2017,370,281,.234,.239,-.005,.348,.327,.021,.282,.284,-.002
Adams, Matt,571431,2017,367,255,.274,.276,-.002,.522,.517,.005,.346,.350,-.004
Davis, Rajai,434658,2017,366,255,.235,.233,.002,.348,.334,.014,.279,.280,-.001
Difo, Wilmer,594694,2017,365,266,.271,.274,-.003,.370,.382,-.012,.293,.307,-.014
Martin, Russell,431145,2017,365,225,.221,.241,-.020,.388,.417,-.029,.324,.345,-.021
Castillo, Welington,456078,2017,365,246,.282,.263,.019,.490,.485,.005,.344,.340,.004
Flores, Wilmer,527038,2017,362,288,.271,.268,.003,.488,.472,.016,.331,.332,-.001
Barney, Darwin,446381,2017,362,278,.232,.229,.003,.327,.299,.028,.263,.259,.004
Hicks, Aaron,543305,2017,361,240,.266,.252,.014,.475,.438,.037,.363,.355,.008
Pina, Manny,444489,2017,359,255,.279,.252,.027,.424,.401,.023,.323,.305,.018
Utley, Chase,400284,2017,353,255,.236,.250,-.014,.405,.421,-.016,.316,.333,-.017
Pearce, Steve,456665,2017,348,248,.252,.247,.005,.438,.425,.013,.323,.320,.003
Hechavarria, Adeiny,588751,2017,348,267,.261,.271,-.010,.406,.408,-.002,.295,.308,-.013
Romine, Andrew,461865,2017,348,255,.233,.250,-.017,.336,.356,-.020,.274,.295,-.021
Hernandez, Gorkys,491676,2017,348,241,.255,.245,.010,.326,.340,-.014,.288,.296,-.008
Vazquez, Christian,543877,2017,345,261,.290,.263,.027,.404,.372,.032,.318,.299,.019
Pirela, Jose,517369,2017,344,244,.288,.273,.015,.490,.435,.055,.355,.336,.019
Asuaje, Carlos,641319,2017,343,237,.270,.236,.034,.362,.337,.025,.307,.288,.019
Williams, Nick,608384,2017,343,220,.288,.270,.018,.473,.439,.034,.344,.335,.009
Hernandez, Enrique,571771,2017,342,221,.215,.228,-.013,.421,.401,.020,.310,.316,-.006
Marte, Starling,516782,2017,339,248,.275,.274,.001,.379,.421,-.042,.312,.335,-.023
Torreyes, Ronald,591720,2017,336,281,.292,.249,.043,.375,.312,.063,.297,.267,.030
Engel, Adam,641553,2017,336,192,.166,.184,-.018,.282,.291,-.009,.230,.245,-.015
Kendrick, Howie,435062,2017,334,239,.315,.279,.036,.475,.464,.011,.361,.347,.014
Zimmer, Bradley,605548,2017,332,203,.241,.242,-.001,.385,.415,-.030,.299,.319,-.020
Rupp, Cameron,519237,2017,331,182,.217,.204,.013,.417,.397,.020,.304,.297,.007
Garcia, Leury,544725,2017,326,236,.270,.264,.006,.423,.391,.032,.317,.312,.005
Chapman, Matt,656305,2017,326,200,.234,.226,.008,.472,.453,.019,.332,.327,.005
Carrera, Ezequiel,485567,2017,325,217,.282,.242,.040,.408,.375,.033,.335,.311,.024
Gattis, Evan,594828,2017,325,253,.263,.285,-.022,.457,.467,-.010,.325,.346,-.021
Pederson, Joc,592626,2017,323,206,.212,.242,-.030,.407,.438,-.031,.322,.348,-.026
Almora Jr., Albert,546991,2017,323,251,.298,.275,.023,.445,.409,.036,.334,.319,.015
Cespedes, Yoenis,493316,2017,321,232,.292,.282,.010,.540,.533,.007,.369,.367,.002
Jackson, Austin,457706,2017,318,220,.318,.286,.032,.482,.429,.053,.371,.351,.020
Iannetta, Chris,455104,2017,316,186,.254,.223,.031,.511,.414,.097,.367,.328,.039
Plouffe, Trevor,461858,2017,313,196,.198,.221,-.023,.318,.361,-.043,.258,.288,-.030
Rosales, Adam,489267,2017,312,197,.225,.195,.030,.353,.287,.066,.261,.231,.030
Aguilar, Jesus,542583,2017,311,188,.265,.245,.020,.505,.478,.027,.351,.338,.013
Chirinos, Robinson,455139,2017,309,186,.255,.218,.037,.506,.464,.042,.369,.344,.025
Pinder, Chad,640461,2017,309,193,.238,.249,-.011,.457,.506,-.049,.316,.347,-.031
Suzuki, Kurt,435559,2017,309,240,.283,.265,.018,.536,.469,.067,.372,.346,.026
Revere, Ben,519184,2017,308,268,.275,.310,-.035,.344,.383,-.039,.284,.323,-.039
Martinez, Jose,500874,2017,307,215,.309,.338,-.029,.518,.611,-.093,.379,.429,-.050
Rojas, Miguel,500743,2017,306,243,.290,.283,.007,.375,.355,.020,.319,.318,.001
Cervelli, Francisco,465041,2017,304,201,.249,.248,.001,.370,.388,-.018,.315,.327,-.012
Hundley, Nick,460026,2017,303,210,.244,.240,.004,.418,.411,.007,.289,.294,-.005
Vogt, Stephen,519390,2017,303,226,.233,.232,.001,.423,.406,.017,.299,.299,.000
Jaso, John,444379,2017,302,191,.211,.235,-.024,.402,.437,-.035,.317,.342,-.025
Leon, Sandy,506702,2017,301,201,.225,.210,.015,.354,.314,.040,.279,.267,.012
Lind, Adam,452252,2017,301,226,.303,.286,.017,.513,.530,-.017,.363,.374,-.011
Diaz, Aledmys,649557,2017,301,246,.259,.267,-.008,.392,.382,.010,.291,.297,-.006
Sogard, Eric,519299,2017,299,213,.273,.275,-.002,.378,.369,.009,.343,.347,-.004
Narvaez, Omar,553882,2017,295,211,.277,.266,.011,.340,.326,.014,.321,.318,.003
Espinosa, Danny,457787,2017,295,160,.173,.193,-.020,.278,.331,-.053,.232,.267,-.035
Smith, Kevan,607345,2017,294,235,.283,.268,.015,.388,.386,.002,.300,.301,-.001
Garcia, Greg,594824,2017,290,183,.253,.260,-.007,.332,.341,-.009,.317,.329,-.012
Werth, Jayson,150029,2017,289,184,.226,.250,-.024,.393,.449,-.056,.311,.344,-.033
Smith, Mallex,605480,2017,282,197,.270,.220,.050,.355,.280,.075,.301,.260,.041
Saladino, Tyler,573135,2017,281,188,.178,.193,-.015,.229,.255,-.026,.223,.243,-.020
Motter, Taylor,600301,2017,280,197,.198,.241,-.043,.326,.372,-.046,.255,.295,-.040
Sandoval, Pablo,467055,2017,279,209,.220,.228,-.008,.367,.396,-.029,.271,.292,-.021
Goodwin, Brian,571718,2017,278,185,.251,.260,-.009,.498,.472,.026,.337,.344,-.007
Rickard, Joey,572073,2017,277,201,.241,.233,.008,.345,.326,.019,.270,.265,.005
Young, Chris,455759,2017,276,189,.235,.237,-.002,.387,.366,.021,.310,.310,.000
Lagares, Juan,501571,2017,272,199,.250,.239,.011,.365,.349,.016,.287,.283,.004
Chisenhall, Lonnie,502082,2017,270,187,.288,.257,.031,.521,.487,.034,.369,.348,.021
Hardy, J.J.,429666,2017,268,207,.217,.230,-.013,.323,.352,-.029,.251,.272,-.021
Joseph, Caleb,543376,2017,266,183,.256,.246,.010,.413,.381,.032,.299,.286,.013
Wolters, Tony,547172,2017,266,176,.240,.218,.022,.284,.276,.008,.274,.267,.007
Presley, Alex,502100,2017,264,199,.314,.301,.013,.416,.384,.032,.334,.322,.012
Vargas, Kennys,573627,2017,264,165,.253,.228,.025,.444,.399,.045,.323,.300,.023
Barnes, Austin,605131,2017,262,175,.289,.286,.003,.486,.438,.048,.386,.374,.012
Tulowitzki, Troy,453064,2017,260,202,.249,.243,.006,.378,.376,.002,.292,.295,-.003
Marisnick, Jake,545350,2017,259,143,.243,.207,.036,.496,.420,.076,.343,.306,.037
Camargo, Johan,622666,2017,256,193,.299,.267,.032,.452,.403,.049,.331,.304,.027
Blanco, Gregor,453923,2017,256,166,.246,.232,.014,.357,.356,.001,.308,.308,.000
Herrmann, Chris,543302,2017,256,160,.181,.216,-.035,.345,.397,-.052,.272,.307,-.035
Marte, Ketel,606466,2017,255,188,.260,.300,-.040,.395,.434,-.039,.319,.358,-.039
Robertson, Daniel,621002,2017,254,148,.206,.185,.021,.326,.303,.023,.284,.276,.008
Maxwell, Bruce,622194,2017,253,159,.237,.226,.011,.333,.357,-.024,.296,.304,-.008
Romine, Austin,519222,2017,252,177,.218,.264,-.046,.293,.378,-.085,.250,.306,-.056
Gonzalez, Adrian,408236,2017,252,192,.242,.243,-.001,.355,.400,-.045,.275,.296,-.021
Perez, Roberto,547379,2017,248,151,.207,.218,-.011,.373,.373,.000,.289,.298,-.009
Riddle, JT,595375,2017,247,185,.250,.245,.005,.355,.364,-.009,.270,.286,-.016
Albies, Ozzie,645277,2017,244,184,.286,.284,.002,.456,.462,-.006,.347,.354,-.007
Devers, Rafael,646240,2017,240,165,.284,.231,.053,.482,.424,.058,.344,.305,.039
Kim, Hyun Soo,547957,2017,239,168,.231,.268,-.037,.292,.395,-.103,.268,.326,-.058
Rivera, Rene,425784,2017,237,150,.252,.249,.003,.431,.446,-.015,.310,.318,-.008
Szczur, Matt,519333,2017,237,155,.226,.201,.025,.354,.293,.061,.316,.297,.019
Hanson, Alen,593700,2017,234,169,.221,.212,.009,.346,.295,.051,.261,.250,.011
Saunders, Michael,459431,2017,234,163,.202,.223,-.021,.344,.366,-.022,.256,.279,-.023
Moncada, Yoan,660162,2017,231,125,.231,.225,.006,.412,.391,.021,.327,.323,.004
Rivera, T.J.,608061,2017,231,185,.290,.260,.030,.430,.377,.053,.326,.300,.026
Cordoba, Allen,642707,2017,227,151,.208,.235,-.027,.297,.337,-.040,.257,.289,-.032
Osuna, Jose,591741,2017,227,176,.233,.258,-.025,.428,.412,.016,.293,.306,-.013
Gimenez, Chris,460269,2017,225,128,.220,.213,.007,.382,.352,.030,.326,.317,.009
Ramos, Wilson,467092,2017,224,175,.260,.258,.002,.447,.475,-.028,.307,.331,-.024
Tomlinson, Kelby,605509,2017,222,153,.258,.239,.019,.314,.294,.020,.286,.280,.006
Pennington, Cliff,460060,2017,217,142,.253,.227,.026,.330,.316,.014,.279,.271,.008
Olson, Matt,621566,2017,216,129,.259,.259,.000,.651,.591,.060,.411,.395,.016
Suzuki, Ichiro,400085,2017,215,162,.255,.232,.023,.332,.299,.033,.287,.272,.015
Nimmo, Brandon,607043,2017,215,120,.260,.262,-.002,.418,.438,-.020,.348,.359,-.011
Peterson, Jace,607054,2017,215,139,.215,.245,-.030,.317,.384,-.067,.280,.323,-.043
Nava, Daniel,537953,2017,214,147,.301,.280,.021,.421,.429,-.008,.357,.358,-.001
Montero, Miguel,471083,2017,213,140,.216,.182,.034,.346,.342,.004,.289,.278,.011
Hoskins, Rhys,656555,2017,212,126,.259,.260,-.001,.618,.564,.054,.417,.403,.014
Carter, Chris,474892,2017,208,110,.201,.194,.007,.370,.414,-.044,.284,.303,-.019
Kivlehan, Patrick,623182,2017,204,118,.208,.196,.012,.399,.362,.037,.303,.290,.013
Knapp, Andrew,595284,2017,204,117,.257,.239,.018,.368,.363,.005,.321,.318,.003
Moore, Tyler,489138,2017,203,136,.230,.220,.010,.401,.402,-.001,.282,.283,-.001
Mathis, Jeff,425772,2017,203,126,.215,.206,.009,.323,.308,.015,.262,.257,.005
Bourjos, Peter,488721,2017,203,137,.223,.215,.008,.383,.323,.060,.280,.261,.019
Diaz, Elias,553869,2017,200,151,.223,.249,-.026,.314,.347,-.033,.253,.283,-.030
Norris, Derek,519083,2017,198,135,.201,.231,-.030,.380,.412,-.032,.272,.302,-.030
Travis, Devon,581527,2017,197,150,.259,.292,-.033,.438,.490,-.052,.308,.347,-.039
Schimpf, Ryan,572114,2017,197,97,.158,.170,-.012,.424,.409,.015,.304,.307,-.003
Blash, Jabari,518466,2017,195,99,.213,.237,-.024,.341,.442,-.101,.304,.351,-.047
Valaika, Pat,642162,2017,195,135,.258,.231,.027,.533,.400,.133,.338,.281,.057
Almonte, Abraham,501659,2017,195,128,.233,.244,-.011,.366,.385,-.019,.298,.314,-.016
Sucre, Jesus,491696,2017,192,147,.256,.256,.000,.409,.415,-.006,.297,.308,-.011
Guyer, Brandon,446386,2017,192,126,.236,.247,-.011,.327,.343,-.016,.293,.314,-.021
Hicks, John,543308,2017,190,123,.266,.268,-.002,.439,.444,-.005,.328,.338,-.010
Bandy, Jett,542908,2017,188,118,.207,.213,-.006,.349,.327,.022,.280,.280,.000
Marrero, Deven,571918,2017,188,115,.211,.209,.002,.333,.312,.021,.257,.258,-.001
Canha, Mark,592192,2017,187,118,.208,.221,-.013,.382,.377,.005,.276,.284,-.008
Adrianza, Ehire,501303,2017,186,144,.265,.244,.021,.383,.366,.017,.302,.301,.001
Garcia, Adonis,611177,2017,183,151,.237,.258,-.021,.347,.385,-.038,.269,.302,-.033
Smith, Dominic,642086,2017,183,119,.198,.247,-.049,.395,.456,-.061,.281,.333,-.052
Machado, Dixon,553988,2017,181,138,.259,.250,.009,.319,.341,-.022,.273,.286,-.013
Tomas, Yasmany,630111,2017,180,117,.241,.239,.002,.464,.485,-.021,.319,.333,-.014
Diaz, Yandy,650490,2017,179,122,.263,.277,-.014,.327,.383,-.056,.306,.340,-.034
Santana, Danny,542454,2017,178,128,.202,.221,-.019,.357,.382,-.025,.254,.279,-.025
Ahmed, Nick,605113,2017,178,128,.251,.241,.010,.419,.352,.067,.300,.277,.023
Butera, Drew,460077,2017,177,123,.227,.214,.013,.319,.285,.034,.266,.253,.013
Parker, Jarrett,592620,2017,177,112,.247,.234,.013,.416,.421,-.005,.299,.301,-.002
Amarista, Alexi,506560,2017,176,131,.238,.219,.019,.351,.287,.064,.267,.238,.029
Ruiz, Rio,547004,2017,173,112,.193,.221,-.028,.307,.381,-.074,.261,.305,-.044
Tapia, Raimel,606132,2017,171,125,.288,.262,.026,.425,.346,.079,.322,.291,.031
Bird, Greg,595885,2017,170,107,.190,.205,-.015,.422,.457,-.035,.303,.327,-.024
Rosario, Amed,642708,2017,170,116,.248,.227,.021,.394,.315,.079,.282,.251,.031
Collins, Tyler,607385,2017,169,96,.193,.210,-.017,.333,.380,-.047,.269,.295,-.026
Delmonico, Nicky,547170,2017,166,110,.262,.236,.026,.482,.397,.085,.369,.336,.033
Fisher, Derek,605233,2017,166,92,.212,.240,-.028,.356,.374,-.018,.291,.316,-.025
Urshela, Gio,570482,2017,165,135,.224,.256,-.032,.288,.366,-.078,.243,.290,-.047
Mesoraco, Devin,519023,2017,165,104,.213,.212,.001,.390,.371,.019,.312,.312,.000
Jones, Ryder,624507,2017,164,98,.173,.170,.003,.273,.267,.006,.223,.224,-.001
Holt, Brock,571788,2017,164,108,.200,.205,-.005,.243,.248,-.005,.256,.268,-.012
Ellis, A.J.,454560,2017,163,116,.210,.193,.017,.371,.326,.045,.294,.276,.018
Brugman, Jaycob,595144,2017,162,106,.266,.236,.030,.343,.327,.016,.305,.294,.011
Phegley, Josh,572033,2017,161,124,.201,.246,-.045,.336,.421,-.085,.256,.310,-.054
Lobaton, Jose,446653,2017,158,108,.170,.218,-.048,.277,.392,-.115,.232,.297,-.065
Jones, JaCoby,592444,2017,154,76,.170,.176,-.006,.270,.304,-.034,.229,.247,-.018
Rodriguez, Sean,446481,2017,153,76,.167,.174,-.007,.295,.294,.001,.257,.262,-.005
Cuthbert, Cheslor,596144,2017,153,105,.231,.224,.007,.322,.342,-.020,.261,.268,-.007
La Stella, Tommy,600303,2017,151,109,.288,.262,.026,.472,.408,.064,.369,.349,.020
Prado, Martin,445988,2017,147,119,.250,.252,-.002,.357,.350,.007,.274,.279,-.005
Fuentes, Rey,571681,2017,145,102,.235,.243,-.008,.338,.354,-.016,.268,.283,-.015
Ruiz, Carlos,434563,2017,145,89,.216,.241,-.025,.352,.401,-.049,.295,.327,-.032
Marte, Jefry,527043,2017,145,94,.173,.215,-.042,.307,.338,-.031,.258,.291,-.033
Rua, Ryan,607387,2017,144,78,.217,.215,.002,.333,.352,-.019,.278,.286,-.008
Blanco, Andres,433217,2017,144,98,.192,.191,.001,.292,.294,-.002,.243,.252,-.009
Stewart, Chris,455755,2017,144,112,.183,.223,-.040,.221,.295,-.074,.207,.256,-.049
Sanchez, Hector,516949,2017,143,97,.219,.207,.012,.423,.369,.054,.277,.266,.011
Candelario, Jeimer,600869,2017,142,97,.283,.254,.029,.425,.408,.017,.342,.328,.014
Frazier, Clint,640449,2017,142,92,.231,.233,-.002,.448,.437,.011,.298,.304,-.006
Moroff, Max,621559,2017,140,79,.200,.202,-.002,.325,.335,-.010,.280,.289,-.009
Torrens, Luis,620443,2017,139,96,.163,.229,-.066,.203,.319,-.116,.197,.273,-.076
Martin, Leonys,547982,2017,138,95,.172,.210,-.038,.281,.344,-.063,.224,.269,-.045
Winker, Jesse,608385,2017,137,98,.298,.287,.011,.529,.461,.068,.384,.361,.023
Maile, Luke,571912,2017,136,96,.146,.171,-.025,.231,.274,-.043,.178,.212,-.034
Arroyo, Christian,624414,2017,135,94,.192,.237,-.045,.304,.340,-.036,.237,.281,-.044
Powell, Boog,621471,2017,135,90,.282,.226,.056,.402,.319,.083,.331,.285,.046
Reynolds, Matt,608703,2017,130,77,.230,.206,.024,.301,.287,.014,.282,.273,.009
Rasmus, Colby,458675,2017,129,77,.281,.254,.027,.579,.543,.036,.365,.353,.012
Slater, Austin,596103,2017,127,88,.282,.246,.036,.402,.361,.041,.323,.296,.027
Garneau, Dustin,572863,2017,126,77,.188,.200,-.012,.313,.299,.014,.260,.264,-.004
Young Jr., Eric,458913,2017,125,82,.264,.227,.037,.418,.313,.105,.329,.283,.046
Voit, Luke,572228,2017,124,83,.246,.259,-.013,.430,.489,-.059,.316,.345,-.029
Tejada, Ruben,514913,2017,124,99,.230,.270,-.040,.283,.380,-.097,.260,.315,-.055
Adams, Lane,572669,2017,122,74,.275,.257,.018,.468,.478,-.010,.344,.343,.001
Robinson, Drew,592685,2017,121,65,.224,.218,.006,.439,.466,-.027,.323,.333,-.010
Garcia, Willy,591994,2017,119,77,.238,.219,.019,.400,.341,.059,.301,.291,.010
Franklin, Nick,545338,2017,119,84,.179,.253,-.074,.283,.378,-.095,.250,.317,-.067
Rutledge, Josh,592710,2017,118,76,.224,.238,-.014,.262,.309,-.047,.255,.283,-.028
Plawecki, Kevin,608700,2017,118,84,.260,.281,-.021,.400,.433,-.033,.331,.357,-.026
Cowart, Kaleb,592230,2017,117,76,.225,.237,-.012,.382,.372,.010,.301,.309,-.008
Gentry, Craig,502226,2017,117,81,.257,.276,-.019,.386,.395,-.009,.314,.336,-.022
Gonzalez, Erik,570481,2017,115,75,.255,.259,-.004,.418,.441,-.023,.291,.310,-.019
Alfaro, Jorge,595751,2017,114,74,.318,.261,.057,.514,.472,.042,.369,.334,.035
Hanigan, Ryan,452672,2017,112,77,.267,.235,.032,.347,.301,.046,.289,.270,.019
Weeks Jr., Rickie,430001,2017,112,48,.216,.165,.051,.340,.287,.053,.297,.259,.038
Telis, Tomas,542513,2017,111,95,.240,.250,-.010,.346,.334,.012,.270,.283,-.013
Soler, Jorge,624585,2017,110,61,.144,.174,-.030,.258,.310,-.052,.226,.259,-.033
Alcantara, Arismendy,570489,2017,108,68,.171,.189,-.018,.248,.245,.003,.187,.200,-.013
Eaton, Adam,594809,2017,107,74,.297,.246,.051,.462,.396,.066,.369,.339,.030
Granite, Zack,643335,2017,107,86,.237,.280,-.043,.290,.333,-.043,.278,.320,-.042
Drew, Stephen,452220,2017,106,77,.253,.224,.029,.358,.337,.021,.285,.279,.006
Kelly, Ty,571841,2017,105,71,.191,.226,-.035,.337,.331,.006,.256,.276,-.020
Toles, Andrew,592808,2017,102,80,.271,.265,.006,.458,.481,-.023,.329,.339,-.010
Cordero, Franchy,614173,2017,99,49,.228,.212,.016,.424,.417,.007,.296,.291,.005
Phillips, Brett,621433,2017,98,54,.276,.223,.053,.448,.374,.074,.338,.291,.047
Refsnyder, Rob,608701,2017,98,71,.170,.233,-.063,.216,.332,-.116,.210,.284,-.074
Perkins, Cameron,573088,2017,97,67,.182,.226,-.044,.273,.332,-.059,.225,.274,-.049
Aviles, Mike,449107,2017,97,74,.233,.248,-.015,.291,.296,-.005,.256,.272,-.016
Hernandez, Teoscar,606192,2017,95,53,.261,.228,.033,.602,.513,.089,.371,.336,.035
Anderson, Brian,605119,2017,95,57,.262,.256,.006,.369,.391,-.022,.309,.328,-.019
Adduci, Jim,451192,2017,93,56,.241,.263,-.022,.398,.403,-.005,.312,.331,-.019
Bader, Harrison,664056,2017,92,62,.235,.248,-.013,.376,.436,-.060,.279,.310,-.031
Stassi, Brock,595426,2017,90,56,.167,.216,-.049,.295,.327,-.032,.259,.295,-.036
Orlando, Paulo,449181,2017,90,66,.198,.274,-.076,.302,.429,-.127,.228,.316,-.088
Turner, Stuart,642156,2017,89,62,.134,.196,-.062,.244,.310,-.066,.186,.246,-.060
Peterson, Shane,451089,2017,88,59,.253,.219,.034,.392,.353,.039,.304,.278,.026
Coghlan, Chris,458085,2017,88,55,.200,.201,-.001,.267,.284,-.017,.260,.270,-.010
Robertson, Daniel,543706,2017,88,78,.225,.269,-.044,.338,.326,.012,.269,.296,-.027
Graterol, Juan,492802,2017,87,73,.202,.237,-.035,.250,.288,-.038,.196,.233,-.037
Gillaspie, Conor,543216,2017,87,71,.163,.206,-.043,.288,.320,-.032,.221,.264,-.043
Luplow, Jordan,656669,2017,87,57,.205,.213,-.008,.385,.359,.026,.284,.287,-.003
Jankowski, Travis,608671,2017,87,49,.187,.186,.001,.213,.235,-.022,.235,.251,-.016
Crawford, J.P.,641487,2017,87,49,.214,.212,.002,.300,.268,.032,.303,.297,.006
Fryer, Eric,518700,2017,83,53,.155,.171,-.016,.197,.221,-.024,.230,.249,-.019
Travis, Sam,607752,2017,83,53,.263,.249,.014,.342,.346,-.004,.296,.295,.001
Cecchini, Gavin,608325,2017,82,58,.208,.203,.005,.273,.278,-.005,.230,.237,-.007
Hill, Aaron,431094,2017,80,56,.132,.220,-.088,.235,.329,-.094,.225,.312,-.087
Heisey, Chris,502317,2017,79,52,.162,.192,-.030,.270,.328,-.058,.213,.253,-.040
Torres, Ramon,593527,2017,79,62,.243,.246,-.003,.284,.286,-.002,.258,.264,-.006
Hoying, Jared,592419,2017,77,50,.222,.205,.017,.306,.248,.058,.246,.222,.024
deGrom, Jacob,594798,2017,77,53,.211,.236,-.025,.268,.301,-.033,.219,.249,-.030
Barreto, Franklin,620439,2017,76,38,.197,.179,.018,.352,.311,.041,.259,.239,.020
Gonzalez, Gio,461829,2017,75,42,.091,.111,-.020,.091,.127,-.036,.115,.141,-.026
Urena, Richard,620446,2017,75,41,.206,.216,-.010,.309,.341,-.032,.256,.275,-.019
Kelly, Carson,608348,2017,75,58,.174,.193,-.019,.217,.314,-.097,.210,.258,-.048
Sanchez, Adrian,506703,2017,75,48,.268,.263,.005,.366,.385,-.019,.282,.291,-.009
Williamson, Mac,607776,2017,73,43,.235,.190,.045,.397,.305,.092,.289,.241,.048
Teheran, Julio,527054,2017,72,53,.140,.154,-.014,.140,.172,-.032,.141,.165,-.024
Scherzer, Max,453286,2017,72,52,.161,.186,-.025,.210,.269,-.059,.192,.228,-.036
Coleman, Dusty,543038,2017,71,34,.227,.212,.015,.455,.468,-.013,.302,.304,-.002
Profar, Jurickson,595777,2017,70,46,.172,.208,-.036,.207,.313,-.106,.242,.293,-.051
Greinke, Zack,425844,2017,70,49,.210,.248,-.038,.274,.315,-.041,.230,.267,-.037
De Aza, Alejandro,457477,2017,70,51,.194,.225,-.031,.323,.320,.003,.222,.254,-.032
Corbin, Patrick,571578,2017,70,36,.125,.119,.006,.161,.143,.018,.177,.174,.003
Martinez, Carlos,593372,2017,69,48,.177,.153,.024,.226,.189,.037,.190,.172,.018
Davies, Zach,605200,2017,69,47,.125,.118,.007,.167,.132,.035,.197,.187,.010
Raburn, Ryan,430605,2017,69,40,.262,.268,-.006,.431,.390,.041,.313,.310,.003
Navarro, Efren,519068,2017,69,40,.230,.224,.006,.377,.439,-.062,.299,.319,-.020
Davis, J.D.,605204,2017,68,43,.226,.237,-.011,.484,.486,-.002,.318,.328,-.010
Cole, Gerrit,543037,2017,68,46,.164,.133,.031,.236,.175,.061,.179,.148,.031
Dickey, R.A.,285079,2017,68,56,.148,.159,-.011,.148,.175,-.027,.129,.150,-.021
Richard, Clayton,453385,2017,68,34,.123,.094,.029,.193,.145,.048,.162,.133,.029
Samardzija, Jeff,502188,2017,67,42,.094,.142,-.048,.172,.247,-.075,.111,.165,-.054
White, Tyler,643603,2017,67,46,.279,.262,.017,.525,.540,-.015,.356,.357,-.001
Caratini, Victor,605170,2017,66,46,.254,.245,.009,.356,.393,-.037,.301,.315,-.014
Stevenson, Andrew,664057,2017,66,39,.158,.221,-.063,.193,.271,-.078,.210,.269,-.059
Lin, Tzu-Wei,624407,2017,66,40,.268,.234,.034,.339,.298,.041,.319,.296,.023
Freeman, Mike,502273,2017,66,41,.100,.151,-.051,.183,.241,-.058,.162,.212,-.050
Lester, Jon,452657,2017,65,35,.148,.148,.000,.259,.263,-.004,.203,.219,-.016
Nicholas, Brett,592592,2017,65,50,.238,.235,.003,.397,.354,.043,.279,.266,.013
Arrieta, Jake,453562,2017,64,31,.131,.121,.010,.213,.184,.029,.153,.141,.012
Ervin, Phillip,640447,2017,64,44,.259,.225,.034,.448,.381,.067,.328,.293,.035
Sierra, Magneuris,642423,2017,64,46,.317,.268,.049,.317,.305,.012,.304,.285,.019
Straily, Dan,573185,2017,64,30,.073,.071,.002,.091,.081,.010,.081,.080,.001
Wade, Tyler,642180,2017,63,39,.155,.227,-.072,.224,.321,-.097,.203,.276,-.073
Gutierrez, Franklin,429711,2017,63,40,.232,.234,-.002,.339,.405,-.066,.292,.320,-.028
Lopez, Raffy,607257,2017,63,34,.222,.191,.031,.463,.388,.075,.325,.292,.033
Ngoepe, Gift,547912,2017,63,29,.222,.161,.061,.296,.216,.080,.281,.233,.048
Ruggiano, Justin,448605,2017,63,44,.217,.216,.001,.333,.380,-.047,.244,.272,-.028
Roark, Tanner,543699,2017,63,40,.091,.089,.002,.109,.103,.006,.097,.101,-.004
Hays, Austin,669720,2017,63,45,.217,.215,.002,.317,.320,-.003,.237,.257,-.020
Decker, Jaff,543094,2017,62,36,.200,.235,-.035,.260,.308,-.048,.272,.306,-.034
d'Arnaud, Chase,488818,2017,62,38,.190,.196,-.006,.276,.264,.012,.222,.227,-.005
Asche, Cody,605125,2017,62,36,.105,.214,-.109,.175,.384,-.209,.157,.282,-.125
Hazelbaker, Jeremy,571757,2017,61,32,.346,.242,.104,.577,.348,.229,.422,.306,.116
Lynn, Lance,458681,2017,61,34,.074,.093,-.019,.111,.124,-.013,.101,.121,-.020
Ray, Robbie,592662,2017,61,35,.245,.178,.067,.283,.225,.058,.253,.204,.049
Chacin, Jhoulys,468504,2017,61,50,.222,.147,.075,.259,.190,.069,.208,.149,.059
Lackey, John,407793,2017,61,35,.132,.139,-.007,.151,.164,-.013,.153,.163,-.010
Nova, Ivan,467100,2017,60,29,.020,.044,-.024,.020,.053,-.033,.017,.042,-.025
Strasburg, Stephen,544931,2017,60,44,.130,.199,-.069,.241,.312,-.071,.174,.238,-.064
Mondesi, Adalberto,609275,2017,60,35,.170,.239,-.069,.245,.374,-.129,.204,.285,-.081
Hernandez, Marco,593523,2017,60,43,.276,.272,.004,.328,.347,-.019,.275,.290,-.015
Nelson, Jimmy,519076,2017,60,24,.105,.066,.039,.105,.085,.020,.103,.079,.024
Kershaw, Clayton,477132,2017,59,42,.184,.183,.001,.204,.214,-.010,.208,.226,-.018
Taijeron, Travis,607369,2017,59,28,.173,.173,.000,.269,.313,-.044,.248,.264,-.016
Peralta, Jhonny,425509,2017,58,41,.204,.275,-.071,.204,.343,-.139,.214,.301,-.087
Wood, Alex,622072,2017,58,27,.058,.082,-.024,.058,.093,-.035,.074,.106,-.032
Centeno, Juan,518542,2017,57,41,.231,.280,-.049,.346,.385,-.039,.269,.310,-.041
Hwang, Jae-Gyun,666561,2017,57,37,.154,.201,-.047,.231,.322,-.091,.209,.267,-.058
Colon, Christian,518568,2017,57,42,.160,.127,.033,.180,.160,.020,.188,.171,.017
Urena, Jose,570632,2017,56,28,.104,.111,-.007,.125,.169,-.044,.099,.121,-.022
Freeland, Kyle,607536,2017,56,25,.154,.105,.049,.231,.174,.057,.173,.129,.044
Anderson, Chase,502624,2017,55,26,.135,.088,.047,.154,.106,.048,.125,.087,.038
Thompson, Trayce,572204,2017,55,26,.122,.189,-.067,.265,.354,-.089,.208,.273,-.065
Brinson, Lewis,621446,2017,55,30,.106,.235,-.129,.277,.426,-.149,.225,.334,-.109
Leake, Mike,502190,2017,55,37,.170,.239,-.069,.191,.333,-.142,.189,.276,-.087
Wacha, Michael,608379,2017,55,32,.043,.088,-.045,.043,.102,-.059,.051,.104,-.053
Calixte, Orlando,593525,2017,55,36,.143,.208,-.065,.163,.269,-.106,.159,.229,-.070
Nola, Aaron,605400,2017,54,25,.083,.069,.014,.083,.077,.006,.121,.115,.006
Walker, Taijuan,592836,2017,54,34,.231,.192,.039,.308,.267,.041,.239,.215,.024
Sardinas, Luis,596143,2017,53,38,.163,.192,-.029,.163,.241,-.078,.185,.227,-.042
Marquez, German,608566,2017,53,35,.178,.134,.044,.222,.162,.060,.172,.135,.037
Blach, Ty,621389,2017,53,28,.227,.228,-.001,.341,.352,-.011,.273,.288,-.015
Godley, Zack,643327,2017,53,25,.048,.065,-.017,.048,.070,-.022,.071,.092,-.021
Perdomo, Luis,606131,2017,53,32,.109,.145,-.036,.304,.194,.110,.173,.161,.012
Moore, Matt,519043,2017,53,32,.128,.135,-.007,.128,.153,-.025,.136,.151,-.015
Kuhl, Chad,641771,2017,52,35,.104,.142,-.038,.146,.174,-.028,.118,.154,-.036
Garver, Mitch,641598,2017,52,31,.196,.192,.004,.348,.288,.060,.277,.262,.015
Cueto, Johnny,456501,2017,52,36,.087,.092,-.005,.087,.107,-.020,.088,.114,-.026
Hendricks, Kyle,543294,2017,51,23,.100,.078,.022,.120,.099,.021,.095,.080,.015
Kozma, Pete,518902,2017,51,26,.111,.125,-.014,.178,.151,.027,.180,.181,-.001
Gosselin, Phil,594838,2017,50,36,.146,.166,-.020,.188,.191,-.003,.165,.183,-.018
Wainwright, Adam,425794,2017,50,34,.262,.213,.049,.452,.385,.067,.308,.263,.045
Hill, Rich,448179,2017,49,29,.111,.122,-.011,.133,.142,-.009,.129,.145,-.016
Florimon, Pedro,465753,2017,49,30,.348,.266,.082,.478,.364,.114,.372,.299,.073
Mejia, Alex,622270,2017,49,34,.109,.192,-.083,.174,.274,-.100,.143,.225,-.082
Foltynewicz, Mike,592314,2017,49,22,.048,.088,-.040,.048,.102,-.054,.042,.083,-.041
Soto, Geovany,434567,2017,48,33,.190,.304,-.114,.405,.587,-.182,.288,.408,-.120
Van Slyke, Scott,475100,2017,48,26,.122,.200,-.078,.293,.417,-.124,.236,.313,-.077
Pivetta, Nick,601713,2017,48,27,.068,.107,-.039,.068,.126,-.058,.060,.103,-.043
Featherston, Taylor,605227,2017,47,26,.179,.196,-.017,.359,.381,-.022,.274,.316,-.042
Williams, Trevor,592866,2017,47,28,.049,.122,-.073,.049,.150,-.101,.073,.147,-.074
Chatwood, Tyler,543022,2017,47,37,.154,.151,.003,.179,.180,-.001,.158,.158,.000
Austin, Tyler,592122,2017,46,25,.225,.266,-.041,.425,.515,-.090,.295,.347,-.052
Liriano, Rymer,542642,2017,46,27,.220,.201,.019,.341,.301,.040,.286,.267,.019
Cooper, Garrett,643265,2017,45,32,.326,.313,.013,.488,.437,.051,.343,.325,.018
Maeda, Kenta,628317,2017,44,41,.128,.138,-.010,.154,.165,-.011,.122,.134,-.012
Gsellman, Robert,607229,2017,44,24,.147,.155,-.008,.147,.183,-.036,.208,.232,-.024
Bonifacio, Emilio,466988,2017,44,34,.132,.199,-.067,.211,.244,-.033,.153,.216,-.063
Martinez, Michael,492841,2017,43,23,.162,.212,-.050,.189,.258,-.069,.216,.263,-.047
Taillon, Jameson,592791,2017,43,28,.158,.143,.015,.158,.157,.001,.138,.135,.003
Moncrief, Carlos,519037,2017,43,25,.211,.218,-.007,.237,.336,-.099,.220,.263,-.043
Gray, Jon,592351,2017,43,15,.079,.088,-.009,.158,.176,-.018,.114,.126,-.012
Flaherty, Ryan,475247,2017,43,28,.211,.201,.010,.237,.252,-.015,.253,.257,-.004
May, Jacob,594576,2017,42,21,.056,.090,-.034,.056,.101,-.045,.114,.150,-.036
Marrero, Chris,502029,2017,41,30,.132,.197,-.065,.211,.346,-.135,.168,.249,-.081
Naquin, Tyler,571980,2017,40,29,.216,.218,-.002,.270,.265,.005,.228,.236,-.008
Morse, Michael,434604,2017,40,23,.194,.222,-.028,.306,.365,-.059,.242,.293,-.051
Kemp, Tony,643393,2017,39,32,.216,.189,.027,.243,.255,-.012,.225,.221,.004
Puello, Cesar,527049,2017,39,22,.206,.178,.028,.206,.200,.006,.247,.240,.007
Senzatela, Antonio,622608,2017,39,19,.125,.104,.021,.156,.122,.034,.121,.100,.021
Middlebrooks, Will,519025,2017,39,24,.211,.260,-.049,.368,.411,-.043,.250,.295,-.045
Allen, Greg,656185,2017,39,28,.229,.280,-.051,.343,.407,-.064,.271,.324,-.053
Hellickson, Jeremy,476451,2017,39,27,.091,.108,-.017,.182,.123,.059,.159,.156,.003
Ethier, Andre,444843,2017,38,24,.235,.265,-.030,.441,.449,-.008,.315,.339,-.024
Ryu, Hyun Jin,547943,2017,38,16,.133,.158,-.025,.167,.184,-.017,.196,.215,-.019
Lamet, Dinelson,659275,2017,38,16,.086,.101,-.015,.086,.113,-.027,.075,.095,-.020
Feldman, Scott,444857,2017,38,22,.029,.103,-.074,.029,.123,-.094,.026,.098,-.072
Evans, Phillip,595943,2017,38,25,.303,.259,.044,.364,.329,.035,.341,.314,.027
Ross, Joe,605452,2017,37,20,.182,.128,.054,.242,.156,.086,.196,.145,.051
Calhoun, Willie,641432,2017,37,27,.265,.259,.006,.353,.314,.039,.300,.287,.013
Garza, Matt,490063,2017,37,23,.086,.082,.004,.086,.099,-.013,.093,.099,-.006
Garcia, Jaime,448802,2017,37,28,.152,.138,.014,.273,.205,.068,.192,.170,.022
Hoffman, Jeff,656546,2017,36,19,.091,.110,-.019,.121,.121,.000,.090,.104,-.014
Brantly, Rob,542963,2017,36,17,.290,.200,.090,.516,.333,.183,.388,.292,.096
Harvey, Matt,518774,2017,36,22,.059,.140,-.081,.059,.163,-.104,.070,.149,-.079
Bumgarner, Madison,518516,2017,36,23,.206,.249,-.043,.471,.540,-.069,.301,.352,-.051
Eibner, Brett,518649,2017,36,16,.182,.231,-.049,.364,.528,-.164,.266,.351,-.085
Newcomb, Sean,656794,2017,35,16,.037,.018,.019,.037,.025,.012,.078,.071,.007
Robinson, Shane,453203,2017,35,27,.194,.230,-.036,.194,.277,-.083,.210,.267,-.057
Bailey, Homer,456701,2017,35,24,.250,.134,.116,.321,.146,.175,.245,.125,.120
Lugo, Seth,607625,2017,34,24,.138,.149,-.011,.310,.295,.015,.183,.192,-.009
Eickhoff, Jerad,595191,2017,34,21,.161,.150,.011,.194,.173,.021,.153,.145,.008
Gomez, Miguel,622497,2017,34,28,.242,.221,.021,.303,.317,-.014,.227,.243,-.016
Alvarez, Pedro,476883,2017,34,22,.313,.271,.042,.438,.426,.012,.342,.321,.021
Cain, Matt,430912,2017,34,14,.156,.121,.035,.219,.169,.050,.159,.127,.032
Quintana, Jose,500779,2017,33,15,.080,.060,.020,.080,.064,.016,.091,.078,.013
Castillo, Luis,622491,2017,33,21,.069,.125,-.056,.069,.140,-.071,.082,.143,-.061
Anderson, Tyler,542881,2017,33,15,.038,.064,-.026,.038,.074,-.036,.058,.086,-.028
Adleman, Tim,534947,2017,32,22,.103,.128,-.025,.138,.178,-.040,.103,.134,-.031
Villanueva, Christian,570799,2017,32,22,.344,.217,.127,.750,.414,.336,.450,.268,.182
Conley, Adam,543045,2017,32,16,.125,.129,-.004,.125,.147,-.022,.155,.170,-.015
Cardullo, Stephen,506924,2017,32,21,.143,.234,-.091,.143,.356,-.213,.197,.308,-.111
Tauchman, Mike,643565,2017,32,17,.222,.189,.033,.296,.223,.073,.294,.260,.034
Bostick, Christopher,607471,2017,32,18,.296,.240,.056,.370,.369,.001,.351,.331,.020
Stassi, Max,545358,2017,31,21,.167,.240,-.073,.458,.595,-.137,.330,.422,-.092
Santander, Anthony,623993,2017,31,23,.267,.256,.011,.367,.329,.038,.261,.258,.003
Gosewisch, Tuffy,488912,2017,31,16,.071,.108,-.037,.071,.132,-.061,.084,.126,-.042
Vogelbach, Daniel,596129,2017,31,19,.214,.245,-.031,.250,.386,-.136,.248,.308,-.060
Severino, Pedro,600474,2017,31,19,.172,.168,.004,.207,.209,-.002,.181,.183,-.002
Nieuwenhuis, Kirk,543590,2017,31,11,.115,.192,-.077,.269,.509,-.240,.245,.354,-.109
Negron, Kristopher,502117,2017,31,19,.160,.188,-.028,.200,.235,-.035,.245,.271,-.026
Montgomery, Mike,543557,2017,30,20,.185,.179,.006,.333,.258,.075,.216,.193,.023
Volquez, Edinson,450172,2017,30,18,.192,.100,.092,.192,.107,.085,.181,.112,.069
Romano, Sal,607219,2017,30,14,.042,.054,-.012,.083,.107,-.024,.077,.097,-.020
Smolinski, Jake,519295,2017,29,21,.259,.245,.014,.296,.411,-.115,.273,.310,-.037
Wheeler, Zack,554430,2017,29,16,.074,.125,-.051,.111,.163,-.052,.100,.146,-.046
Holaday, Bryan,592407,2017,29,28,.241,.293,-.052,.310,.365,-.055,.236,.289,-.053
Smith, Dwight,596105,2017,29,17,.370,.220,.150,.444,.298,.146,.376,.262,.114
Arroyo, Bronson,276520,2017,29,19,.154,.218,-.064,.154,.256,-.102,.135,.206,-.071
Montero, Rafael,606160,2017,28,18,.080,.091,-.011,.080,.120,-.040,.070,.094,-.024
McCarthy, Brandon,435221,2017,28,9,.043,.096,-.053,.043,.117,-.074,.114,.163,-.049
Janish, Paul,457926,2017,28,21,.077,.160,-.083,.077,.192,-.115,.091,.174,-.083
Bautista, Rafael,622441,2017,27,20,.160,.243,-.083,.160,.294,-.134,.181,.272,-.091
Worley, Vance,474699,2017,27,19,.182,.180,.002,.182,.201,-.019,.159,.169,-.010
Robles, Victor,645302,2017,27,19,.250,.197,.053,.458,.317,.141,.324,.262,.062
Gallagher, Cam,595956,2017,27,20,.250,.223,.027,.417,.291,.126,.326,.281,.045
Murphy, Tom,608596,2017,26,15,.042,.124,-.082,.083,.153,-.070,.077,.142,-.065
Saltalamacchia, Jarrod,457454,2017,26,9,.040,.077,-.037,.040,.095,-.055,.060,.098,-.038
Leiter Jr., Mark,643410,2017,26,14,.080,.061,.019,.080,.065,.015,.070,.060,.010
Lively, Ben,594902,2017,26,17,.231,.170,.061,.462,.330,.132,.287,.216,.071
Velasquez, Vince,592826,2017,25,20,.250,.171,.079,.250,.200,.050,.238,.187,.051
Stephenson, Robert,596112,2017,25,10,.043,.062,-.019,.043,.114,-.071,.038,.078,-.040
Verdugo, Alex,657077,2017,25,19,.174,.295,-.121,.304,.442,-.138,.240,.352,-.112
Matz, Steven,571927,2017,24,17,.143,.194,-.051,.143,.264,-.121,.125,.204,-.079
Stubbs, Drew,453211,2017,24,13,.091,.122,-.031,.091,.143,-.052,.131,.165,-.034
McMahon, Ryan,641857,2017,24,14,.158,.129,.029,.211,.220,-.009,.269,.268,.001
Glasnow, Tyler,607192,2017,23,11,.294,.136,.158,.294,.157,.137,.358,.273,.085
Garrett, Amir,607237,2017,23,17,.053,.138,-.085,.105,.154,-.049,.065,.132,-.067
Fontana, Nolan,545337,2017,23,12,.050,.165,-.115,.200,.282,-.082,.176,.257,-.081
Weaver, Luke,596133,2017,23,13,.158,.096,.062,.158,.107,.051,.166,.129,.037
Eflin, Zach,621107,2017,22,9,.143,.156,-.013,.143,.195,-.052,.125,.157,-.032
Sisco, Chance,642082,2017,22,11,.333,.226,.107,.778,.489,.289,.499,.368,.131
Guerra, Junior,448855,2017,21,17,.000,.085,-.085,.000,.107,-.107,.000,.087,-.087
Jackson, Edwin,429719,2017,21,6,.095,.113,-.018,.095,.122,-.027,.084,.104,-.020
Koehler, Tom,543408,2017,21,6,.048,.058,-.010,.048,.064,-.016,.042,.056,-.014
Perez, Carlos,542208,2017,21,14,.100,.110,-.010,.250,.298,-.048,.169,.194,-.025
Suter, Brent,608718,2017,21,12,.167,.079,.088,.167,.086,.081,.177,.115,.062
Despaigne, Odrisamer,628333,2017,20,15,.105,.081,.024,.105,.089,.016,.092,.077,.015
Hannemann, Jacob,595238,2017,20,16,.150,.235,-.085,.300,.368,-.068,.187,.260,-.073
Colon, Bartolo,112526,2017,20,10,.000,.046,-.046,.000,.057,-.057,.000,.044,-.044
Farmer, Kyle,571657,2017,20,17,.300,.371,-.071,.350,.493,-.143,.281,.371,-.090
Higashioka, Kyle,543309,2017,20,12,.000,.168,-.168,.000,.209,-.209,.069,.224,-.155
Segedin, Rob,574847,2017,20,13,.200,.177,.023,.300,.232,.068,.211,.177,.034
Darvish, Yu,506433,2017,20,5,.059,.019,.040,.059,.021,.038,.087,.057,.030
Butler, Eddie,572750,2017,19,12,.067,.112,-.045,.067,.127,-.060,.098,.146,-.048
Smith, Tyler,642094,2017,19,9,.188,.168,.020,.250,.206,.044,.232,.228,.004
Cahill, Trevor,502239,2017,18,13,.286,.266,.020,.357,.325,.032,.304,.289,.015
Sims, Lucas,608371,2017,18,10,.067,.120,-.053,.067,.135,-.068,.058,.111,-.053
Goodrum, Niko,592348,2017,18,7,.059,.125,-.066,.059,.159,-.100,.087,.163,-.076
Zagunis, Mark,657145,2017,18,8,.000,.128,-.128,.000,.151,-.151,.154,.250,-.096
Wood, Travis,475243,2017,18,11,.222,.209,.013,.556,.495,.061,.317,.288,.029
Choi, Ji-Man,596847,2017,18,11,.267,.254,.013,.733,.636,.097,.414,.397,.017
Beckham, Gordon,493596,2017,18,15,.176,.192,-.016,.176,.219,-.043,.185,.213,-.028
Freitas, David,571679,2017,17,13,.235,.261,-.026,.353,.361,-.008,.248,.274,-.026
Williams, Mason,592863,2017,17,14,.250,.201,.049,.250,.240,.010,.247,.224,.023
Cole, A.J.,595918,2017,16,9,.143,.182,-.039,.143,.203,-.060,.196,.239,-.043
Stallings, Jacob,607732,2017,16,12,.357,.327,.030,.500,.427,.073,.386,.352,.034
Nunez, Renato,600524,2017,16,7,.200,.187,.013,.400,.396,.004,.277,.273,.004
Stratton, Chris,608717,2017,16,13,.143,.112,.031,.143,.121,.022,.125,.106,.019
Walker, Christian,572233,2017,15,7,.250,.285,-.035,.833,.765,.068,.489,.487,.002
Peralta, Wily,503449,2017,15,10,.231,.260,-.029,.231,.309,-.078,.237,.279,-.042
Huffman, Chad,502151,2017,15,8,.286,.167,.119,.429,.193,.236,.325,.195,.130
Culberson, Charlie,518586,2017,15,9,.154,.263,-.109,.231,.307,-.076,.233,.316,-.083
Bettis, Chad,518452,2017,15,8,.091,.048,.043,.091,.053,.038,.131,.106,.025
Wendle, Joey,621563,2017,14,10,.308,.301,.007,.615,.471,.144,.382,.331,.051
Thompson, Jake,622097,2017,14,8,.167,.138,.029,.250,.328,-.078,.216,.231,-.015
Flexen, Chris,623167,2017,14,7,.154,.119,.035,.231,.205,.026,.162,.143,.019
Wojciechowski, Asher,592879,2017,14,3,.071,.045,.026,.071,.050,.021,.063,.042,.021
Mejia, Francisco,642336,2017,14,10,.154,.294,-.140,.154,.336,-.182,.135,.280,-.145
Lyles, Jordan,543475,2017,14,7,.231,.136,.095,.231,.141,.090,.237,.167,.070
Adames, Cristhian,542436,2017,14,7,.000,.057,-.057,.000,.073,-.073,.050,.105,-.055
Federowicz, Tim,543148,2017,14,9,.231,.298,-.067,.692,.619,.073,.395,.403,-.008
Casali, Curt,592200,2017,13,7,.333,.139,.194,.667,.345,.322,.447,.334,.113
Davis, Taylor,543089,2017,13,9,.231,.156,.075,.308,.170,.138,.230,.154,.076
Ohlman, Mike,572000,2017,13,10,.231,.203,.028,.231,.226,.005,.202,.188,.014
Ortiz, Danny,543611,2017,13,11,.083,.253,-.170,.083,.483,-.400,.121,.337,-.216
Vargas, Ildemaro,545121,2017,13,10,.308,.172,.136,.385,.228,.157,.297,.179,.118
Lavarnway, Ryan,543432,2017,13,8,.273,.358,-.085,.364,.488,-.124,.339,.418,-.079
Syndergaard, Noah,592789,2017,13,5,.222,.192,.030,.222,.274,-.052,.319,.323,-.004
Jimenez, A.J.,543362,2017,13,6,.083,.085,-.002,.083,.101,-.018,.073,.081,-.008
Nicolino, Justin,592593,2017,13,11,.000,.063,-.063,.000,.072,-.072,.000,.064,-.064
Brault, Steven,643230,2017,13,13,.231,.177,.054,.308,.217,.091,.230,.175,.055
Moran, Colin,592567,2017,12,10,.364,.332,.032,.818,.436,.382,.498,.367,.131
Vincej, Zach,572227,2017,12,4,.111,.097,.014,.111,.117,-.006,.251,.247,.004
Milone, Tommy,543548,2017,12,5,.111,.110,.001,.111,.119,-.008,.206,.212,-.006
Susac, Andrew,572180,2017,12,6,.083,.062,.021,.083,.074,.009,.073,.060,.013
Woodruff, Brandon,605540,2017,12,9,.200,.258,-.058,.200,.281,-.081,.222,.288,-.066
Lorenzen, Michael,547179,2017,12,7,.167,.188,-.021,.417,.446,-.029,.238,.264,-.026
Wallach, Chad,595453,2017,11,6,.091,.161,-.070,.091,.255,-.164,.080,.176,-.096
Valera, Breyvic,591971,2017,11,10,.100,.063,.037,.100,.092,.008,.143,.125,.018
Peters, Dillon,596071,2017,11,3,.000,.007,-.007,.000,.008,-.008,.000,.007,-.007
Read, Raudy,600466,2017,11,8,.273,.248,.025,.273,.310,-.037,.239,.254,-.015
Locke, Jeff,502046,2017,11,1,.000,.005,-.005,.000,.007,-.007,.063,.070,-.007
Johnson, Micah,608672,2017,11,7,.200,.121,.079,.200,.135,.065,.175,.114,.061
Gale, Rocky,502570,2017,10,8,.100,.092,.008,.400,.171,.229,.198,.109,.089
Giavotella, Johnny,543213,2017,10,6,.100,.147,-.047,.100,.164,-.064,.088,.135,-.047
Pena, Francisco,506747,2017,10,7,.500,.384,.116,1.100,.929,.171,.659,.550,.109
Nido, Tomas,621512,2017,10,8,.300,.323,-.023,.400,.533,-.133,.299,.361,-.062
Rusin, Chris,543734,2017,10,7,.333,.293,.040,.333,.334,-.001,.292,.278,.014
Weaver, Jered,450308,2017,10,4,.000,.041,-.041,.000,.110,-.110,.000,.064,-.064
Santana, Ervin,429722,2017,10,7,.200,.105,.095,.300,.122,.178,.211,.105,.106
Gohara, Luiz,627894,2017,10,3,.000,.008,-.008,.000,.009,-.009,.000,.007,-.007
Marjama, Mike,605357,2017,9,8,.333,.285,.048,.778,.700,.078,.454,.408,.046
Selsky, Steve,592731,2017,9,4,.111,.199,-.088,.222,.433,-.211,.137,.266,-.129
Stripling, Ross,548389,2017,9,5,.000,.062,-.062,.000,.101,-.101,.000,.068,-.068
Fried, Max,608331,2017,9,5,.000,.101,-.101,.000,.104,-.104,.087,.180,-.093
Dickson, O'Koyea,607297,2017,9,5,.143,.195,-.052,.143,.316,-.173,.196,.273,-.077
O'Grady, Chris,622217,2017,9,4,.000,.037,-.037,.000,.044,-.044,.000,.036,-.036
Hammel, Jason,434628,2017,9,7,.000,.213,-.213,.000,.250,-.250,.000,.208,-.208
Delgado, Randall,517414,2017,9,6,.000,.113,-.113,.000,.132,-.132,.000,.108,-.108
Flores, Ramon,570717,2017,9,8,.125,.293,-.168,.125,.321,-.196,.097,.249,-.152
Miller, Shelby,571946,2017,9,3,.000,.124,-.124,.000,.141,-.141,.234,.318,-.084
Chen, Wei-Yin,612672,2017,8,5,.125,.073,.052,.125,.090,.035,.110,.073,.037
LaMarre, Ryan,534606,2017,8,4,.000,.097,-.097,.000,.104,-.104,.087,.164,-.077
Archer, Chris,502042,2017,8,5,.250,.070,.180,.250,.077,.173,.219,.072,.147
Davis, Rookie,606959,2017,8,2,.167,.028,.139,.333,.068,.265,.279,.136,.143
den Dekker, Matthew,544925,2017,8,3,.143,.150,-.007,.143,.175,-.032,.196,.210,-.014
Anderson, Brett,474463,2017,8,4,.143,.103,.040,.143,.105,.038,.196,.171,.025
Andujar, Miguel,609280,2017,8,7,.571,.389,.182,.857,.653,.204,.614,.470,.144
Peacock, Brad,502748,2017,8,4,.286,.316,-.030,.429,.362,.067,.350,.348,.002
Stammen, Craig,489334,2017,8,4,.500,.186,.314,.667,.247,.420,.547,.312,.235
Alford, Anthony,546990,2017,8,5,.125,.321,-.196,.250,.600,-.350,.154,.394,-.240
Lombardozzi, Steve,543459,2017,8,6,.000,.148,-.148,.000,.170,-.170,.000,.143,-.143
Turner, Jacob,545363,2017,8,5,.000,.050,-.050,.000,.044,-.044,.116,.153,-.037
Gonzalez, Miguel,456068,2017,8,5,.000,.077,-.077,.000,.086,-.086,.099,.175,-.076
Mahle, Tyler,641816,2017,8,5,.143,.071,.072,.143,.081,.062,.200,.157,.043
Bonilla, Lisalverto,570810,2017,8,3,.167,.056,.111,.167,.077,.090,.287,.220,.067
Urias, Julio,628711,2017,7,3,.167,.004,.163,.167,.004,.163,.146,.004,.142
Bethancourt, Christian,542194,2017,7,4,.143,.129,.014,.143,.353,-.210,.125,.196,-.071
Gossett, Daniel,605254,2017,7,3,.200,.012,.188,.200,.008,.192,.175,.011,.164
Cashner, Andrew,488768,2017,7,5,.200,.183,.017,.200,.191,.009,.146,.161,-.015
Rodon, Carlos,607074,2017,7,5,.333,.145,.188,.500,.241,.259,.352,.162,.190
McGowan, Dustin,430661,2017,7,1,.000,,,.000,,,.000,.000,.000
Tomlin, Josh,458708,2017,7,4,.143,.235,-.092,.143,.266,-.123,.125,.222,-.097
Snell, Blake,605483,2017,7,5,.000,.234,-.234,.000,.257,-.257,.116,.295,-.179
Nolasco, Ricky,445060,2017,7,3,.000,.028,-.028,.000,.060,-.060,.198,.222,-.024
Recker, Anthony,489232,2017,7,6,.143,.253,-.110,.143,.441,-.298,.125,.303,-.178
Rodriguez, Eduardo,593958,2017,7,5,.000,.025,-.025,.000,.027,-.027,.000,.023,-.023
Murphy, John Ryan,571974,2017,7,6,.143,.299,-.156,.286,.532,-.246,.176,.347,-.171
Stroman, Marcus,573186,2017,7,3,.286,.167,.119,.857,.420,.437,.459,.239,.220
Swihart, Blake,596119,2017,7,2,.200,.002,.198,.200,.003,.197,.323,.232,.091
Griffin, A.J.,456167,2017,6,0,.000,,,.000,,,.116,.116,.000
Verlander, Justin,434378,2017,6,2,.167,.168,-.001,.167,.192,-.025,.146,.159,-.013
Perez, Martin,527048,2017,6,0,.000,,,.000,,,.000,.000,.000
Alvarez III, Henderson,506693,2017,6,4,.000,.175,-.175,.000,.190,-.190,.000,.165,-.165
Shipley, Braden,640463,2017,6,4,.000,.367,-.367,.000,.404,-.404,.000,.345,-.345
Zimmermann, Jordan,519455,2017,6,5,.167,.253,-.086,.167,.319,-.152,.146,.257,-.111
Finnegan, Brandon,605232,2017,6,5,.000,.305,-.305,.000,.340,-.340,.000,.299,-.299
Banda, Anthony,607455,2017,6,3,.000,.094,-.094,.000,.086,-.086,.000,.085,-.085
Marinez, Jhan,501697,2017,6,2,.167,.128,.039,.333,.174,.159,.205,.128,.077
Cobb, Alex,502171,2017,6,2,.000,.001,-.001,.000,.001,-.001,.000,.001,-.001
Chavez, Jesse,445926,2017,6,1,.000,,,.000,,,.000,.000,.000
Cosart, Jarred,543054,2017,6,4,.000,.007,-.007,.000,.007,-.007,.000,.006,-.006
Miranda, Ariel,664641,2017,6,3,.000,.044,-.044,.000,.056,-.056,.000,.042,-.042
Burns, Billy,542993,2017,6,5,.167,.108,.059,.167,.124,.043,.146,.108,.038
Stephens, Jackson,623451,2017,6,4,.333,.351,-.018,.333,.806,-.473,.292,.476,-.184
Flaherty, Jack,656427,2017,6,4,.000,.094,-.094,.000,.104,-.104,.000,.098,-.098
Washington, David,572241,2017,6,1,.000,.029,-.029,.000,.045,-.045,.000,.029,-.029
Reed, AJ,607223,2017,6,5,.000,.053,-.053,.000,.073,-.073,.000,.070,-.070
Ceciliani, Darrell,571553,2017,5,5,.400,.608,-.208,1.200,1.502,-.302,.642,.866,-.224
Fulmer, Michael,605242,2017,5,3,.000,.099,-.099,.000,.094,-.094,.000,.093,-.093
Severino, Luis,622663,2017,5,4,.200,.125,.075,.200,.207,-.007,.175,.144,.031
Gore, Terrance,605253,2017,5,2,.000,.213,-.213,.000,.235,-.235,.139,.298,-.159
Berrios, Jose,621244,2017,5,3,.200,.154,.046,.200,.168,.032,.175,.140,.035
Fedde, Erick,607200,2017,5,2,.000,.007,-.007,.000,.007,-.007,.000,.006,-.006
Espino, Paolo,502179,2017,5,4,.250,.157,.093,.250,.166,.084,.219,.142,.077
McFarland, T.J.,519008,2017,5,2,.200,.068,.132,.200,.073,.127,.175,.065,.110
Jimenez, Ubaldo,434622,2017,5,2,.200,.129,.071,.200,.139,.061,.175,.116,.059
Musgrove, Joe,605397,2017,5,4,.000,.107,-.107,.000,.127,-.127,.000,.109,-.109
Montgomery, Jordan,656756,2017,5,1,.000,.038,-.038,.000,.041,-.041,.277,.298,-.021
Carrasco, Carlos,471911,2017,5,3,.000,.002,-.002,.000,.001,-.001,.139,.232,-.093
Gaviglio, Sam,543208,2017,5,3,.200,.213,-.013,.200,.240,-.040,.175,.198,-.023
Grace, Matt,594840,2017,5,1,.000,.011,-.011,.000,.009,-.009,.000,.010,-.010
Reinheimer, Jack,595373,2017,5,2,.000,.026,-.026,.000,.030,-.030,.000,.023,-.023
Stewart, Brock,592779,2017,5,3,.250,.368,-.118,.250,.406,-.156,.219,.345,-.126
LeBlanc, Wade,453281,2017,5,2,.200,.190,.010,.200,.220,-.020,.175,.178,-.003
Pill, Tyler,543652,2017,5,4,.000,.033,-.033,.000,.048,-.048,.000,.033,-.033
Manaea, Sean,640455,2017,5,2,.000,.075,-.075,.000,.075,-.075,.173,.224,-.051
Estrada, Marco,462136,2017,4,1,.000,.030,-.030,.000,.037,-.037,.000,.031,-.031
Pineda, Michael,501381,2017,4,2,.333,.175,.158,.333,.195,.138,.292,.161,.131
Pena, Felix,570240,2017,4,2,.000,.235,-.235,.000,.248,-.248,.173,.332,-.159
Wittgren, Nick,621295,2017,4,3,.000,.118,-.118,.000,.134,-.134,.000,.114,-.114
Odorizzi, Jake,543606,2017,4,4,.333,.357,-.024,.333,.455,-.122,.292,.368,-.076
Sabathia, CC,282332,2017,4,1,.000,.008,-.008,.000,.007,-.007,.173,.179,-.006
Diaz, Miguel,622766,2017,4,4,.000,.121,-.121,.000,.123,-.123,.000,.108,-.108
Duensing, Brian,488846,2017,4,1,.000,.127,-.127,.000,.145,-.145,.000,.118,-.118
Vargas, Jason,450306,2017,4,3,.250,.173,.077,.250,.169,.081,.219,.155,.064
Kennedy, Ian,453178,2017,4,3,.333,.170,.163,.333,.175,.158,.393,.294,.099
Porcello, Rick,519144,2017,4,1,.000,.007,-.007,.000,.007,-.007,.000,.007,-.007
Floro, Dylan,571670,2017,4,2,.000,.150,-.150,.000,.195,-.195,.000,.151,-.151
Jansen, Kenley,445276,2017,4,4,.500,.404,.096,.750,.523,.227,.527,.406,.121
Hader, Josh,623352,2017,4,2,.000,.021,-.021,.000,.019,-.019,.000,.019,-.019
Brice, Austin,592169,2017,4,2,.000,.121,-.121,.000,.157,-.157,.000,.119,-.119
Parmley, Ian,622210,2017,4,3,.000,.120,-.120,.000,.142,-.142,.000,.119,-.119
Bradley, Archie,605151,2017,4,2,.250,.196,.054,.250,.223,.027,.219,.180,.039
Miley, Wade,489119,2017,4,3,.250,.038,.212,.250,.056,.194,.219,.053,.166
Mengden, Daniel,596043,2017,4,3,.500,.162,.338,.500,.177,.323,.523,.341,.182
Wilkerson, Aaron,658792,2017,4,3,.000,.364,-.364,.000,.441,-.441,.000,.348,-.348
Boyd, Matthew,571510,2017,3,3,.333,.078,.255,.333,.074,.259,.292,.070,.222
Rosario, Alberto,451705,2017,3,2,.000,.219,-.219,.000,.248,-.248,.000,.219,-.219
Smoker, Josh,519294,2017,3,1,.000,.083,-.083,.000,.098,-.098,.000,.081,-.081
Green, Grant,502205,2017,3,1,.000,,,.000,,,.000,.000,.000
Jackson, Luke,592426,2017,3,3,.000,.175,-.175,.000,.186,-.186,.000,.161,-.161
Buchanan, Jake,594772,2017,3,1,.500,.337,.163,.500,.348,.152,.523,.433,.090
Keuchel, Dallas,572971,2017,3,1,.000,.058,-.058,.000,.066,-.066,.000,.054,-.054
Gonzales, Marco,594835,2017,3,2,.500,.269,.231,.500,.292,.208,.439,.243,.196
Grimm, Justin,518748,2017,3,2,.000,.079,-.079,.000,.079,-.079,.000,.071,-.071
Clevinger, Mike,605182,2017,3,2,.000,.035,-.035,.000,.034,-.034,.000,.031,-.031
Hamels, Cole,430935,2017,3,2,.000,.083,-.083,.000,.083,-.083,.000,.075,-.075
Wisler, Matt,605538,2017,3,3,.000,.124,-.124,.000,.124,-.124,.000,.112,-.112
Bibens-Dirkx, Austin,502212,2017,3,0,.000,,,.000,,,.000,.000,.000
Junis, Jakob,596001,2017,3,0,.000,,,.000,,,.000,.000,.000
Lawrence, Casey,596271,2017,3,2,.000,.043,-.043,.000,.049,-.049,.000,.042,-.042
Sale, Chris,519242,2017,3,2,.333,.150,.183,.667,.190,.477,.411,.146,.265
Ramirez, JC,500724,2017,3,2,.000,.069,-.069,.000,.071,-.071,.000,.064,-.064
Morgan, Adam,605388,2017,3,1,.500,.473,.027,.500,.570,-.070,.523,.537,-.014
Blackburn, Paul,621112,2017,3,1,.000,.089,-.089,.000,.094,-.094,.000,.080,-.080
Ramirez, Erasmo,541640,2017,3,2,.667,.266,.401,.667,.295,.372,.585,.242,.343
Lee, Zach,545346,2017,3,3,.000,.131,-.131,.000,.132,-.132,.000,.119,-.119
Latos, Mat,502009,2017,3,3,.000,.305,-.305,.000,.389,-.389,.000,.298,-.298
Zastryzny, Rob,642239,2017,3,3,.333,.237,.096,.333,.252,.081,.292,.213,.079
Albers, Andrew,452027,2017,3,3,1.000,.192,.808,1.000,.187,.813,.877,.173,.704
Bauer, Trevor,545333,2017,3,2,.000,.112,-.112,.000,.128,-.128,.000,.122,-.122
Tanaka, Masahiro,547888,2017,3,1,.000,,,.000,,,.000,.000,.000
Morton, Charlie,450203,2017,3,3,.000,.126,-.126,.000,.130,-.130,.000,.121,-.121
Berry, Quintin,450641,2017,3,1,.000,,,.000,,,.000,.000,.000
McGuire, Deck,592547,2017,3,2,.000,.192,-.192,.000,.202,-.202,.000,.174,-.174
Gant, John,607231,2017,3,3,.000,.074,-.074,.000,.085,-.085,.000,.084,-.084
Biagini, Joe,607352,2017,3,3,.000,.063,-.063,.000,.061,-.061,.000,.057,-.057
McCullers Jr., Lance,621121,2017,3,3,.000,.289,-.289,.000,.512,-.512,.000,.338,-.338
Shackelford, Kevin,594992,2017,3,2,.333,.191,.142,.333,.232,.101,.292,.186,.106
Alexander, Scott,518397,2017,3,2,.000,.050,-.050,.000,.054,-.054,.000,.047,-.047
Baez, Pedro,520980,2017,2,0,.000,,,.000,,,.347,.347,.000
Buchholz, Clay,453329,2017,2,0,.000,,,.000,,,.000,.000,.000
Jeffress, Jeremy,502026,2017,2,0,.000,,,.000,,,.000,.000,.000
Fister, Doug,450729,2017,2,2,.000,.159,-.159,.000,.194,-.194,.000,.149,-.149
Hernandez, Ariel,554374,2017,2,1,.000,.049,-.049,.000,.056,-.056,.000,.049,-.049
Kratz, Erik,456124,2017,2,2,1.000,.544,.456,1.500,1.202,.298,1.055,.713,.342
Rivera, Yadiel,592680,2017,2,1,.000,.087,-.087,.000,.136,-.136,.000,.086,-.086
Milner, Hoby,571948,2017,2,0,.000,,,.000,,,.000,.000,.000
Salas, Fernando,477569,2017,2,1,.500,.355,.145,.500,.387,.113,.439,.320,.119
Kontos, George,502004,2017,2,1,.000,.219,-.219,.000,.257,-.257,.000,.207,-.207
Yacabonis, Jimmy,642231,2017,2,1,.000,.044,-.044,.000,.047,-.047,.000,.040,-.040
Gausman, Kevin,592332,2017,2,1,.000,.012,-.012,.000,.012,-.012,.000,.011,-.011
Lyons, Tyler,544928,2017,2,0,.000,,,.000,,,.347,.347,.000
Blazek, Michael,518468,2017,2,1,.000,.087,-.087,.000,.099,-.099,.000,.084,-.084
Gearrin, Cory,518715,2017,2,0,.000,,,.000,,,.000,.000,.000
Sanchez, Anibal,434671,2017,2,1,.000,.132,-.132,.000,.100,-.100,.000,.119,-.119
Ravin, Josh,502051,2017,2,2,.000,.077,-.077,.000,.082,-.082,.000,.070,-.070
Meyer, Alex,543542,2017,2,1,.500,.317,.183,.500,.336,.164,.439,.285,.154
Martinez, Nick,607259,2017,2,0,.000,,,.000,,,.347,.347,.000
De La Rosa, Jorge,407822,2017,2,2,,,,,,,,,
Gallardo, Yovani,451596,2017,2,2,.500,.373,.127,.500,.410,.090,.439,.339,.100
Turley, Nik,543867,2017,2,2,.000,.317,-.317,.000,.357,-.357,.000,.292,-.292
Duffy, Danny,518633,2017,2,1,.500,.097,.403,.500,.097,.403,.439,.087,.352
Therrien, Jesen,592279,2017,2,0,.000,,,.000,,,.000,.000,.000
Hand, Brad,543272,2017,2,2,.000,,,.000,,,.000,,
Blair, Aaron,594760,2017,2,1,1.000,.467,.533,1.000,.519,.481,.785,.564,.221
Lindblom, Josh,458676,2017,2,1,.000,.150,-.150,.000,.193,-.193,.000,.151,-.151
Johnson, Brian,598271,2017,2,2,.000,.127,-.127,.000,.153,-.153,.000,.125,-.125
Kluber, Corey,446372,2017,2,2,.500,.291,.209,.500,.331,.169,.439,.268,.171
Reed, Cody,642003,2017,2,0,.000,,,.000,,,.000,.000,.000
Schugel, A.J.,519263,2017,2,1,.000,.331,-.331,.000,.348,-.348,.347,.496,-.149
Suarez, Albert,544150,2017,2,2,.000,.057,-.057,.000,.073,-.073,.000,.077,-.077
Avilan, Luis,501593,2017,2,1,.000,.185,-.185,.000,.560,-.560,.000,.295,-.295
Sewald, Paul,623149,2017,2,1,.000,,,.000,,,.000,.000,.000
Pagan, Emilio,641941,2017,2,1,.000,.031,-.031,.000,.027,-.027,.000,.028,-.028
Enns, Dietrich,608650,2017,2,1,.500,.013,.487,.500,.010,.490,.439,.012,.427
Cotton, Jharel,605194,2017,2,1,.000,.121,-.121,.000,.134,-.134,.000,.113,-.113
Aquino, Jayson,593969,2017,2,0,.000,,,.000,,,.000,.000,.000
Rondon, Hector,444468,2017,2,2,.500,.096,.404,.500,.105,.395,.439,.096,.343
McHugh, Collin,543521,2017,2,0,.000,,,.000,,,.000,.000,.000
Shreve, Chasen,592741,2017,2,1,.000,.096,-.096,.000,.115,-.115,.000,.088,-.088
Kendrick, Kyle,452718,2017,2,1,.000,,,.000,,,.000,.000,.000
Freeman, Sam,518693,2017,2,1,.000,.041,-.041,.000,.044,-.044,.000,.038,-.038
Shoemaker, Matt,533167,2017,2,1,.000,,,.000,,,.000,.000,.000
Happ, J.A.,457918,2017,2,1,.000,.132,-.132,.000,.100,-.100,.000,.119,-.119
Tepesch, Nick,519344,2017,2,0,.000,,,.000,,,.000,.000,.000
Phelps, David,475479,2017,1,0,.000,,,.000,,,.000,.000,.000
Krol, Ian,571871,2017,1,1,.000,.128,-.128,.000,.156,-.156,.000,.115,-.115
Quackenbush, Kevin,534812,2017,1,0,.000,,,.000,,,.000,.000,.000
Barraclough, Kyle,607457,2017,1,0,.000,,,.000,,,.000,.000,.000
Fiers, Mike,571666,2017,1,0,.000,,,.000,,,.000,.000,.000
Overton, Dillon,592614,2017,1,0,.000,,,.000,,,.000,.000,.000
Nuno, Vidal,573064,2017,1,1,.000,.713,-.713,.000,.786,-.786,.000,.669,-.669
Wilk, Adam,573244,2017,1,1,.000,.044,-.044,.000,.054,-.054,.000,.041,-.041
Devenski, Chris,606965,2017,1,0,.000,,,.000,,,.000,.000,.000
Tseng, Jen-Ho,627500,2017,1,1,.000,.379,-.379,.000,.434,-.434,.000,.376,-.376
Cecil, Brett,446399,2017,1,1,.000,.336,-.336,.000,.391,-.391,.000,.338,-.338
Gilmartin, Sean,543219,2017,1,1,1.000,.441,.559,2.000,.690,1.310,1.232,.468,.764
Skaggs, Tyler,572140,2017,1,0,.000,,,.000,,,.000,.000,.000
Robles, Hansel,570663,2017,1,1,,,,,,,,,
Covey, Dylan,592229,2017,1,0,.000,,,.000,,,.000,.000,.000
Bergman, Christian,548357,2017,1,1,.000,.126,-.126,.000,.246,-.246,.000,.151,-.151
Tazawa, Junichi,547749,2017,1,1,.000,,,.000,,,.000,,
Familia, Jeurys,544727,2017,1,0,.000,,,.000,,,.000,.000,.000
Sipp, Tony,448609,2017,1,1,.000,.154,-.154,.000,.177,-.177,.000,.139,-.139
Lloyd, Kyle,643414,2017,1,1,.000,.095,-.095,.000,.096,-.096,.000,.085,-.085
Tepera, Ryan,572193,2017,1,0,.000,,,.000,,,.000,.000,.000
Strop, Pedro,467008,2017,1,1,.000,.638,-.638,.000,1.094,-1.094,.000,.717,-.717
Romero, Enny,544836,2017,1,0,.000,,,.000,,,.000,.000,.000
Bradford, Chasen,607473,2017,1,0,.000,,,.000,,,.000,.000,.000
Pinto, Ricardo,620982,2017,1,0,.000,,,.000,,,.000,.000,.000
Socolovich, Miguel,462515,2017,1,1,.000,.177,-.177,.000,.190,-.190,.000,.162,-.162
Astin, Barrett,592120,2017,1,0,.000,,,.000,,,.000,.000,.000
Barbato, Johnny,592127,2017,1,1,.000,.413,-.413,.000,.678,-.678,.000,.448,-.448
Bormann, John,657524,2017,1,0,.000,,,.000,,,.000,.000,.000
Sanchez, Tony,506997,2017,1,0,.000,,,.000,,,.000,.000,.000
Ellington, Brian,623395,2017,1,1,.000,.385,-.385,.000,.424,-.424,.000,.357,-.357
Ynoa, Gabriel,593679,2017,1,1,.000,.172,-.172,.000,.182,-.182,.000,.160,-.160
Locastro, Tim,641796,2017,1,1,.000,.062,-.062,.000,.094,-.094,.000,.071,-.071
Pomeranz, Drew,519141,2017,1,0,.000,,,.000,,,.000,.000,.000
Sanchez, Angel,605795,2017,1,1,.000,.046,-.046,.000,.049,-.049,.000,.042,-.042
Bastardo, Antonio,455374,2017,1,0,,,,,,,.693,.693,.000
Blanton, Joe,430599,2017,1,0,,,,,,,.693,.693,.000
Torres, Jose,600526,2017,1,1,1.000,.341,.659,1.000,.347,.653,.877,.307,.570
Okert, Steven,595345,2017,1,0,.000,,,.000,,,.000,.000,.000
Asher, Alec,594742,2017,1,1,.000,.000,.000,.000,-.002,.002,.000,.000,.000
Ramos, Edubray,591693,2017,1,0,.000,,,.000,,,.000,.000,.000
Iglesias, Raisel,628452,2017,1,1,1.000,.456,.544,2.000,.864,1.136,1.232,.534,.698
Velazquez, Hector,584171,2017,1,1,.000,,,.000,,,.000,,
Nicasio, Juan,504379,2017,1,1,.000,.008,-.008,.000,.012,-.012,.000,.007,-.007
Diaz, Edwin,621242,2017,1,0,.000,,,.000,,,.000,.000,.000
Feliz, Michael,593140,2017,1,0,.000,,,.000,,,.000,.000,.000
Guerra, Javy,457915,2017,1,0,.000,,,.000,,,.000,.000,.000
Storen, Drew,519322,2017,1,1,.000,.064,-.064,.000,.049,-.049,.000,.058,-.058
Price, David,456034,2017,1,1,1.000,.905,.095,1.000,.971,.029,.877,.831,.046
Scahill, Rob,543746,2017,1,0,.000,,,.000,,,.000,.000,.000
Wilhelmsen, Tom,452666,2017,1,0,.000,,,.000,,,.000,.000,.000
Bowman, Matt,621199,2017,1,1,,,,,,,,,
Holland, Derek,502706,2017,1,1,1.000,.531,.469,1.000,.585,.415,.877,.484,.393
Machi, Jean,466948,2017,1,0,.000,,,.000,,,.000,.000,.000
Ramirez, Neil,519166,2017,1,0,.000,,,.000,,,.000,.000,.000
Barnes, Jacob,606930,2017,1,0,,,,,,,.693,.693,.000
Watson, Tony,453265,2017,1,0,.000,,,.000,,,.000,.000,.000
Wood, Blake,502028,2017,1,0,.000,,,.000,,,.000,.000,.000
Rios, Yacksel,605441,2017,1,0,.000,,,.000,,,.000,.000,.000
Miller, Andrew,453192,2017,1,0,.000,,,.000,,,.000,.000,.000
Edwards Jr., Carl,605218,2017,1,0,.000,,,.000,,,.000,.000,.000
Graveman, Kendall,608665,2017,1,0,.000,,,.000,,,.000,.000,.000
Smith, Chris,434672,2017,1,1,.000,.033,-.033,.000,.014,-.014,.000,.030,-.030
Brebbia, John,605154,2017,1,1,.000,.326,-.326,.000,.355,-.355,.000,.293,-.293
Hoyt, James,624586,2017,1,0,.000,,,.000,,,.000,.000,.000